C001-1333,Productos,2023-07-15,SOLES,CONTADO,Generada,3.558,3.567,1333,5 DÍAS,0,1,Entrega según stock,,0,1,0
C001-1332,Productos,2023-07-15,SOLES,CONTADO,Generada,3.558,3.567,1332,5 DÍAS,0,1,Entrega según stock,,0,1,0
C001-1331,Productos,2023-07-15,SOLES,CONTADO,Emitida,3.558,3.567,1331,1 DÍAS,0,1,ENTREGA SEGÚN STOCK,,0,1,0
C001-1330,Productos,2023-07-15,SOLES,CONTADO,Generada,3.558,3.567,1330,0,0,1,Entrega según stock,,0,1,0
C001-1329,Productos,2023-07-15,SOLES,CONTADO,Generada,3.558,3.567,1329,1 DÍAS,0,1,ENTREGA SEGÚN STOCK,,0,1,0
C001-1328,Productos,2023-07-14,DOLARES,CONTADO,Emitida,3.565,3.573,1328,1 DÍAS,0,1,ENTREGA SEGÚN STOCK,,0,1,0
C001-1327,Productos,2023-07-13,SOLES,CREDITO,Generada,3.565,3.573,1327,1 DÍAS,60 DÍAS,1,"PRODUCTOS EN STOCK 20 DÍAS HÁBILES LA ENTREGA, PARA FABRICACIÓN DE 25 A 30 DÍAS HÁBILES",,0,1,0
C001-1326,Productos,2023-07-13,SOLES,CONTADO,Emitida,3.588,3.599,1326,1 DÍAS,0,1,ENTREGA SEGÚN STOCK,,0,1,0
C001-1325,Productos,2023-07-13,SOLES,CONTADO,Generada,3.588,3.599,1325,1 DÍAS,0,1,ENTREGA SEGÚN STOCK,,0,1,0
C001-1324,Productos,2023-07-13,SOLES,CONTADO,Emitida,3.588,3.599,1324,1 DÍAS,0,1,ENTREGA SEGÚN STOCK,,0,1,0
C001-1323,Productos,2023-07-13,SOLES,CONTADO,Emitida,3.588,3.599,1323,1 DÍAS,0,1,ENTREGA SEGÚN STOCK,,0,1,0
C001-1322,Productos,2023-07-12,DOLARES,CREDITO,Generada,3.632,3.638,1322,7 DÍAS,60 DÍAS,1,Entrega según stock,,0,1,0
C001-1321,Productos,2023-07-12,DOLARES,CONTADO,Emitida,3.632,3.638,1321,1 DÍAS,0,1,ENTREGA SEGÚN STOCK,,0,1,0
C001-1320,Productos,2023-07-11,SOLES,CONTADO,Generada,3.636,3.643,1320,5 DÍAS,0,1,Entrega según stock,,1,1,0
C001-1319,Productos,2023-07-11,DOLARES,CONTADO,Emitida,3.636,3.643,1319,1 DÍAS,0,1,ENTREGA SEGÚN STOCK,,0,1,0
C001-1318,Productos,2023-07-11,SOLES,CONTADO,Emitida,3.636,3.643,1318,1 DÍAS,0,1,ENTREGA SEGÚN STOCK,,0,1,0
C001-1317,Productos,2023-07-11,SOLES,CONTADO,Emitida,3.636,3.643,1317,5 DÍAS,0,1,,,1,1,0
C001-1316,Productos,2023-07-11,SOLES,CONTADO,Generada,3.636,3.643,1316,1 DÍAS,0,1,ENTREGA SEGÚN STOCK,,0,1,0
C001-1315,Productos,2023-07-11,SOLES,CONTADO,Generada,3.636,3.643,1315,1 DÍAS,0,1,ENTREGA SEGÚN STOCK,,0,1,0
C001-1314,Productos,2023-07-11,SOLES,CONTADO,Generada,3.636,3.643,1314,1 DÍAS,0,1,ENTREGA SEGÚN STOCK,,0,1,0
C001-1313,Productos,2023-07-11,SOLES,CONTADO,Generada,3.636,3.643,1313,1 DÍAS,0,1,ENTREGA SEGÚN STOCK,,0,1,0
C001-1312,Productos,2023-07-10,DOLARES,CONTADO,Emitida,3.637,3.643,1312,1 DÍAS,0,1,ENTREGA SEGÚN STOCK,,0,1,0
C001-1311,Productos,2023-07-10,SOLES,CONTADO,Generada,3.637,3.643,1311,1 DÍAS,0,1,ENTREGA SEGÚN STOCK,,0,1,0
C001-1310,Productos,2023-07-10,SOLES,CONTADO,Generada,3.637,3.643,1310,1 DÍAS,0,1,ENTREGA SEGÚN STOCK,,0,1,0
C001-1309,Productos,2023-07-10,SOLES,CONTADO,Emitida,3.637,3.643,1309,1 DÍAS,0,1,ENTREGA SEGÚN STOCK,,0,1,0
C001-1308,Productos,2023-07-08,SOLES,CONTADO,Emitida,3.637,3.643,1308,1 DÍAS,0,1,,,1,1,0
C001-1307,Productos,2023-07-08,DOLARES,CONTADO,Emitida,3.637,3.643,1307,1 DÍAS,0,1,ENTREGA SEGÚN STOCK,,0,1,0
C001-1306,Productos,2023-07-07,DOLARES,CONTADO,Generada,3.637,3.643,1306,1 DÍAS,0,1,ENTREGA SEGÚN STOCK,,0,1,0
C001-1305,Productos,2023-07-07,SOLES,CONTADO,Generada,3.637,3.643,1305,1 DÍAS,0,1,ENTREGA SEGÚN STOCK,,0,1,0
C001-1304,Productos,2023-07-07,SOLES,CONTADO,Emitida,3.641,3.648,1304,1 DÍAS,0,1,ENTREGA SEGÚN STOCK,,0,1,0
C001-1303,Productos,2023-07-06,SOLES,CONTADO,Generada,3.641,3.648,1303,1 DÍAS,0,1,ENTREGA SEGÚN STOCK,,0,1,0
C001-1302,Productos,2023-07-06,SOLES,CONTADO,Generada,3.627,3.633,1302,1 DÍAS,0,1,ENTREGA SEGÚN STOCK,,0,1,0
C001-1301,Productos,2023-07-06,SOLES,CONTADO,Generada,3.627,3.633,1301,1 DÍAS,0,1,ENTREGA SEGÚN STOCK,,0,1,0
C001-1300,Productos,2023-07-06,DOLARES,CREDITO,Emitida,3.627,3.633,1300,1 DÍAS,30 DÍAS,1,ENTREGA SEGÚN STOCK,,0,1,0
C001-1299,Productos,2023-07-06,DOLARES,CREDITO,Emitida,3.627,3.633,1299,1 DÍAS,30 DÍAS,1,ENTREGA SEGÚN STOCK,,0,1,0
C001-1298,Productos,2023-07-06,DOLARES,CREDITO,Emitida,3.627,3.633,1298,1 DÍAS,30 DÍAS,1,ENTREGA SEGÚN STOCK,,0,1,0
C001-1297,Productos,2023-07-06,SOLES,CONTADO,Emitida,3.627,3.633,1297,1 DÍAS,0,1,ENTREGA SEGÚN STOCK,,0,1,0
C001-1296,Productos,2023-07-06,DOLARES,CREDITO,Emitida,3.627,3.633,1296,1 DÍAS,30 DÍAS,1,ENTREGA SEGÚN STOCK,,0,1,0
C001-1295,Productos,2023-07-06,DOLARES,CREDITO,Emitida,3.627,3.633,1295,1 DÍAS,30 DÍAS,1,ENTREGA SEGÚN STOCK,,0,1,0
C001-1294,Productos,2023-07-05,SOLES,CONTADO,Generada,3.627,3.633,1294,5 DÍAS,0,1,Entrega según stock,,0,1,0
C001-1293,Productos,2023-07-05,SOLES,CONTADO,Emitida,3.624,3.634,1293,1 DÍAS,0,1,ENTREGA SEGÚN STOCK,,0,1,0
C001-1292,Productos,2023-07-05,DOLARES,CONTADO,Emitida,3.624,3.634,1292,1 DÍAS,0,1,ENTREGA SEGÚN STOCK,,0,1,0
C001-1291,Productos,2023-07-05,DOLARES,CONTADO,Emitida,3.624,3.634,1291,1 DÍAS,0,1,ENTREGA SEGÚN STOCK,,0,1,0
C001-1290,Productos,2023-07-05,DOLARES,CONTADO,Generada,3.624,3.634,1290,1 DÍAS,0,1,ENTREGA SEGÚN STOCK,,0,1,0
C001-1289,Productos,2023-07-05,SOLES,CREDITO,Emitida,3.628,3.636,1289,1 DÍAS,15 DÍAS,1,ENTREGA SEGÚN STOCK,,0,1,0
C001-1288,Productos,2023-07-05,DOLARES,CONTADO,Emitida,3.624,3.634,1288,1 DÍAS,0,1,ENTREGA SEGÚN STOCK,,0,1,0
C001-1287,Productos,2023-07-05,DOLARES,CONTADO,Emitida,3.624,3.634,1287,1 DÍAS,0,1,ENTREGA SEGÚN STOCK,,0,1,0
C001-1286,Productos,2023-07-05,DOLARES,CONTADO,Generada,3.624,3.634,1286,1 DÍAS,0,1,ENTREGA SEGÚN STOCK,,0,1,0
C001-1285,Productos,2023-07-04,DOLARES,CONTADO,Generada,3.621,3.63,1285,1 DÍAS,0,1,ENTREGA SEGÚN STOCK,,0,1,0
C001-1284,Productos,2023-07-04,DOLARES,CONTADO,Emitida,3.621,3.63,1284,1 DÍAS,0,1,ENTREGA SEGÚN STOCK,,0,1,0
C001-1283,Productos,2023-07-04,SOLES,CREDITO,Emitida,3.621,3.63,1283,1 DÍAS,60 DÍAS,1,"PRODUCTOS EN STOCK 15 DÍAS HÁBILES LA ENTREGA, PARA FABRICACIÓN DE 20 A 25 DÍAS HÁBILES",23-00969-SC,0,1,0
C001-1282,Productos,2023-07-04,DOLARES,CONTADO,Emitida,3.621,3.63,1282,1 DÍAS,0,1,ENTREGA SEGÚN STOCK,,0,1,0
C001-1281,Productos,2023-07-04,DOLARES,CONTADO,Generada,3.621,3.63,1281,1 DÍAS,0,1,ENTREGA SEGÚN STOCK,,0,1,0
C001-1280,Productos,2023-07-04,SOLES,CONTADO,Emitida,3.621,3.63,1280,1 DÍAS,0,1,ENTREGA SEGÚN STOCK,,0,1,0
C001-1279,Productos,2023-07-03,DOLARES,CONTADO,Generada,3.621,3.63,1279,1 DÍAS,0,1,ENTREGA SEGÚN STOCK,,0,1,0
C001-1278,Productos,2023-07-03,DOLARES,CONTADO,Generada,3.621,3.63,1278,1 DÍAS,0,1,ENTREGA SEGÚN STOCK,,0,1,0
C001-1277,Productos,2023-07-03,DOLARES,CONTADO,Generada,3.621,3.63,1277,1 DÍAS,0,1,ENTREGA SEGÚN STOCK,,0,1,0
C001-1276,Productos,2023-07-03,DOLARES,CONTADO,Generada,3.621,3.63,1276,1 DÍAS,0,1,ENTREGA SEGÚN STOCK,,0,1,0
C001-1275,Productos,2023-07-03,DOLARES,CONTADO,Emitida,3.624,3.633,1275,1 DÍAS,0,1,ENTREGA SEGÚN STOCK,,0,1,0
C001-1274,Productos,2023-07-03,SOLES,CREDITO,Emitida,3.628,3.636,1274,1 DÍAS,15 DÍAS,1,ENTREGA SEGÚN STOCK,,0,1,0
C001-1273,Productos,2023-07-03,SOLES,CONTADO,Generada,3.624,3.633,1273,1 DÍAS,0,1,ENTREGA SEGÚN STOCK,,0,1,0
C001-1272,Productos,2023-07-03,DOLARES,CONTADO,Generada,3.624,3.633,1272,1 DÍAS,0,1,ENTREGA SEGÚN STOCK,,0,1,0
C001-1271,Productos,2023-07-03,DOLARES,CONTADO,Emitida,3.624,3.633,1271,1 DÍAS,0,1,ENTREGA SEGÚN STOCK,,0,1,0
C001-1270,Productos,2023-07-03,SOLES,CONTADO,Emitida,3.624,3.633,1270,1 DÍAS,0,1,ENTREGA SEGÚN STOCK,,0,1,0
C001-1269,Productos,2023-07-03,DOLARES,CONTADO,Emitida,3.624,3.633,1269,1 DÍAS,0,1,ENTREGA SEGÚN STOCK,,0,1,0
C001-1268,Productos,2023-07-03,DOLARES,CONTADO,Emitida,3.624,3.633,1268,1 DÍAS,0,1,ENTREGA SEGÚN STOCK,,0,1,0
C001-1267,Productos,2023-07-03,DOLARES,CONTADO,Generada,3.624,3.633,1267,1 DÍAS,0,1,ENTREGA SEGÚN STOCK,,0,1,0
C001-1266,Productos,2023-06-29,SOLES,CREDITO,Emitida,3.628,3.636,1266,7 DIAS,15 DÍAS,1,ENTREGA SEGÚN STOCK,,0,1,0
C001-1265,Servicios,2023-06-28,SOLES,CONTADO,Emitida,3.628,3.636,1265,1 DÍAS,0,1,MANTTO PREV. PINTADO E/P KIANA,70057557,0,1,0
C001-1264,Productos,2023-06-28,DOLARES,CONTADO,Generada,3.633,3.64,1264,1 DÍAS,0,1,ENTREGA SEGÚN STOCK,,0,1,0
C001-1263,Productos,2023-06-28,SOLES,CONTADO,Emitida,3.633,3.64,1263,1 DÍAS,0,1,ENTREGA SEGÚN STOCK,,0,1,0
C001-1262,Productos,2023-06-28,DOLARES,CONTADO,Emitida,3.633,3.64,1262,1 DÍAS,0,1,ENTREGA SEGÚN STOCK,,0,1,0
C001-1261,Productos,2023-06-28,DOLARES,CONTADO,Generada,3.633,3.64,1261,1 DÍAS,0,1,ENTREGA SEGÚN STOCK,,0,1,0
C001-1260,Productos,2023-06-28,DOLARES,CONTADO,Emitida,3.633,3.64,1260,1 DÍAS,0,1,ENTREGA SEGÚN STOCK,,0,1,0
C001-1259,Productos,2023-06-27,DOLARES,CONTADO,Emitida,3.635,3.642,1259,1 DÍAS,0,1,ENTREGA SEGÚN STOCK,,0,1,0
C001-1258,Productos,2023-06-27,DOLARES,CONTADO,Emitida,3.635,3.642,1258,1 DÍAS,0,1,ENTREGA SEGÚN STOCK,,0,1,0
C001-1257,Productos,2023-06-27,SOLES,CREDITO,Generada,3.635,3.642,1257,1 DÍAS,60 DÍAS,1,PRODUCTOS EN STOCK 7 DÍAS HÁBILES LA ENTREGA.,,0,1,0
C001-1256,Productos,2023-06-27,SOLES,CONTADO,Generada,3.635,3.642,1256,1 DÍAS,0,1,Entrega según stock,,0,1,0
C001-1255,Productos,2023-06-27,DOLARES,CONTADO,Generada,3.635,3.642,1255,1 DÍAS,0,1,ENTREGA SEGÚN STOCK,,0,1,0
C001-1254,Productos,2023-06-27,DOLARES,CONTADO,Emitida,3.635,3.642,1254,1 DÍAS,0,1,ENTREGA SEGÚN STOCK,,0,1,0
C001-1253,Productos,2023-06-27,DOLARES,CONTADO,Emitida,3.635,3.642,1253,1 DÍAS,0,1,ENTREGA SEGÚN STOCK,,0,1,0
C001-1252,Servicios,2023-06-26,SOLES,CONTADO,Emitida,3.628,3.638,1252,1 DÍAS,0,1,MANTTO PREV. PINTADO E/P KIANA,70057557,0,1,0
C001-1251,Servicios,2023-06-26,SOLES,CONTADO,Emitida,3.628,3.638,1251,1 DÍAS,0,1,RETOQUE DE BODEGAS E/P DON LUIS,70057489,0,1,0
C001-1250,Productos,2023-06-26,DOLARES,CONTADO,Emitida,3.628,3.638,1250,1 DÍAS,0,1,ENTREGA SEGÚN STOCK,,0,1,0
C001-1249,Productos,2023-06-26,DOLARES,CONTADO,Emitida,3.628,3.638,1249,1 DÍAS,0,1,ENTREGA SEGÚN STOCK,,0,1,0
C001-1248,Productos,2023-06-26,DOLARES,CONTADO,Generada,3.628,3.638,1248,1 DÍAS,0,1,ENTREGA SEGÚN STOCK,,0,1,0
C001-1247,Productos,2023-07-11,SOLES,CONTADO,Generada,3.628,3.638,1247,7 DIAS,0,1,,,1,1,0
C001-1246,Productos,2023-06-26,DOLARES,CONTADO,Emitida,3.628,3.638,1246,1 DÍAS,0,1,ENTREGA SEGÚN STOCK,,0,1,0
C001-1245,Productos,2023-06-26,SOLES,CREDITO,Emitida,3.628,3.638,1245,1 DÍAS,60 DÍAS,1,"PRODUCTOS EN STOCK 15 DÍAS HÁBILES LA ENTREGA, PARA FABRICACIÓN DE 20 A 25 DÍAS HÁBILES",23-00946-SC,0,1,0
C001-1244,Productos,2023-06-26,SOLES,CONTADO,Generada,3.628,3.638,1244,1 DÍAS,0,1,,,0,1,0
C001-1243,Productos,2023-06-24,DOLARES,CONTADO,Emitida,3.628,3.638,1243,1 DÍAS,0,1,ENTREGA SEGÚN STOCK,,0,1,0
C001-1242,Productos,2023-06-24,DOLARES,CONTADO,Emitida,3.628,3.638,1242,1 DÍAS,0,1,ENTREGA SEGÚN STOCK,,0,1,0
C001-1241,Productos,2023-06-24,DOLARES,CONTADO,Emitida,3.628,3.638,1241,1 DÍAS,0,1,ENTREGA SEGÚN STOCK,,0,1,0
C001-1240,Productos,2023-06-23,DOLARES,CONTADO,Emitida,3.634,3.641,1240,1 DÍAS,0,1,ENTREGA SEGÚN STOCK,,0,1,0
C001-1239,Productos,2023-06-23,DOLARES,CONTADO,Generada,3.634,3.641,1239,1 DÍAS,0,1,ENTREGA SEGÚN STOCK,,0,1,0
C001-1238,Productos,2023-06-23,DOLARES,CONTADO,Generada,3.634,3.641,1238,1 DÍAS,0,1,ENTREGA SEGÚN STOCK,,0,1,0
C001-1237,Productos,2023-06-23,DOLARES,CONTADO,Emitida,3.634,3.641,1237,1 DÍAS,0,1,ENTREGA SEGÚN STOCK,,0,1,0
C001-1236,Productos,2023-06-23,DOLARES,CONTADO,Emitida,3.634,3.641,1236,1 DÍAS,0,1,ENTREGA SEGÚN STOCK,,0,1,0
C001-1235,Productos,2023-06-22,DOLARES,CONTADO,Emitida,3.64,3.645,1235,1 DÍAS,0,1,ENTREGA SEGÚN STOCK,,0,1,0
C001-1234,Productos,2023-06-22,DOLARES,CONTADO,Emitida,3.64,3.645,1234,1 DÍAS,0,1,ENTREGA SEGÚN STOCK,,0,1,0
C001-1233,Productos,2023-06-22,DOLARES,CONTADO,Emitida,3.64,3.645,1233,1 DÍAS,0,1,ENTREGA SEGÚN STOCK,,0,1,0
C001-1232,Productos,2023-06-22,DOLARES,CONTADO,Generada,3.64,3.645,1232,1 DÍAS,0,1,ENTREGA SEGÚN STOCK,,0,1,0
C001-1231,Productos,2023-06-22,DOLARES,CONTADO,Emitida,3.64,3.645,1231,1 DÍAS,0,1,ENTREGA SEGÚN STOCK,,0,1,0
C001-1230,Productos,2023-06-22,SOLES,CREDITO,Emitida,3.64,3.645,1230,1 DÍAS,60 DÍAS,1,"PRODUCTOS EN STOCK 15 DÍAS HÁBILES LA ENTREGA, PARA FABRICACIÓN DE 20 A 25 DÍAS HÁBILES",23-00950-SC,0,1,0
C001-1229,Productos,2023-06-20,DOLARES,CONTADO,Generada,3.629,3.647,1229,1 DÍAS,0,1,ENTREGA SEGUN STOCK - E/P HOBO II,,0,1,0
C001-1228,Productos,2023-06-19,DOLARES,CONTADO,Generada,3.631,3.645,1228,1 DÍAS,0,1,ENTREGA SEGÚN STOCK,,0,1,0
C001-1227,Productos,2023-06-19,DOLARES,CONTADO,Emitida,3.631,3.645,1227,1 DÍAS,0,1,ENTREGA SEGÚN STOCK,,0,1,0
C001-1226,Productos,2023-06-19,DOLARES,CONTADO,Generada,3.631,3.645,1226,1 DÍAS,0,1,ENTREGA SEGÚN STOCK,,0,1,0
C001-1225,Productos,2023-06-19,DOLARES,CONTADO,Generada,3.631,3.645,1225,1 DÍAS,0,1,ENTREGA SEGÚN STOCK,,0,1,0
C001-1224,Productos,2023-06-19,DOLARES,CONTADO,Generada,3.631,3.645,1224,1 DÍAS,0,1,ENTREGA SEGÚN STOCK,,0,1,0
C001-1223,Productos,2023-06-17,DOLARES,CONTADO,Emitida,3.631,3.645,1223,1 DÍAS,0,1,ENTREGA SEGÚN STOCK,,0,1,0
C001-1222,Productos,2023-06-16,SOLES,CREDITO,Emitida,3.631,3.645,1222,1 DÍAS,60 DÍAS,1,"PRODUCTOS EN STOCK 15 DÍAS HÁBILES LA ENTREGA, PARA FABRICACIÓN DE 20 A 25 DÍAS HÁBILES",23-00921-SC,0,1,0
C001-1221,Productos,2023-06-16,DOLARES,CONTADO,Emitida,3.648,3.654,1221,1 DÍAS,0,1,ENTREGA SEGÚN STOCK,,0,1,0
C001-1220,Productos,2023-06-16,SOLES,CONTADO,Generada,3.648,3.654,1220,7 DIAS,0,1,,,0,1,0
C001-1219,Productos,2023-06-16,DOLARES,CONTADO,Generada,3.648,3.654,1219,1 DÍAS,0,1,ENTREGA SEGÚN STOCK,,0,1,0
C001-1218,Productos,2023-06-16,DOLARES,CONTADO,Emitida,3.648,3.654,1218,1 DÍAS,0,1,ENTREGA SEGÚN STOCK,,0,1,0
C001-1217,Productos,2023-06-15,SOLES,CREDITO,Emitida,3.646,3.652,1217,1 DÍAS,60 DÍAS,1,"PRODUCTOS EN STOCK 15 DÍAS HÁBILES LA ENTREGA, PARA FABRICACIÓN DE 20 A 25 DÍAS HÁBILES",23-00930-SC,0,1,0
C001-1216,Productos,2023-06-15,DOLARES,CONTADO,Generada,3.646,3.652,1216,1 DÍAS,0,1,ENTREGA SEGÚN STOCK,,0,1,0
C001-1215,Productos,2023-06-14,DOLARES,CONTADO,Emitida,3.641,3.648,1215,1 DÍAS,0,1,ENTREGA SEGÚN STOCK,,0,1,0
C001-1214,Productos,2023-06-14,DOLARES,CONTADO,Emitida,3.641,3.648,1214,1 DÍAS,0,1,ENTREGA SEGÚN STOCK,,0,1,0
C001-1213,Productos,2023-06-13,DOLARES,CONTADO,Generada,3.641,3.648,1213,1 DÍAS,0,1,ENTREGA SEGÚN STOCK,,0,1,0
C001-1212,Productos,2023-06-13,SOLES,CONTADO,Generada,3.65,3.658,1212,7 DIAS,0,1,,,0,1,0
C001-1211,Servicios,2023-06-13,SOLES,CONTADO,Emitida,3.65,3.658,1211,1 DÍAS,0,1,RESANE DE BODEGAS ( E/P ESTELA DE PLATA ),70057165,0,1,0
C001-1210,Productos,2023-06-13,DOLARES,CONTADO,Generada,3.65,3.658,1210,1 DÍAS,0,1,ENTREGA SEGÚN STOCK,,0,1,0
C001-1209,Productos,2023-06-13,DOLARES,CONTADO,Emitida,3.65,3.658,1209,1 DÍAS,0,1,ENTREGA SEGÚN STOCK,,0,1,0
C001-1208,Productos,2023-06-12,SOLES,CONTADO,Generada,3.641,3.646,1208,7 DIAS,0,1,,,0,1,0
C001-1207,Productos,2023-06-12,SOLES,CONTADO,Generada,3.641,3.646,1207,7 DIAS,0,1,,,0,1,0
C001-1206,Productos,2023-06-12,SOLES,CONTADO,Generada,3.641,3.646,1206,0,0,1,,,0,1,0
C001-1205,Productos,2023-06-12,SOLES,CONTADO,Generada,3.641,3.646,1205,7 DIAS,0,1,,,0,1,0
C001-1204,Productos,2023-06-12,SOLES,CONTADO,Emitida,3.641,3.646,1204,7 DIAS,0,1,,,0,1,0
C001-1203,Productos,2023-06-12,SOLES,CONTADO,Emitida,3.641,3.646,1203,7 DIAS,0,1,,,0,1,0
C001-1202,Productos,2023-06-12,SOLES,CONTADO,Generada,3.641,3.646,1202,7 DIAS,0,1,,,0,1,0
C001-1201,Productos,2023-06-10,DOLARES,CONTADO,Generada,3.641,3.646,1201,7 DIAS,0,1,,,0,1,0
C001-1200,Productos,2023-06-10,SOLES,CONTADO,Emitida,3.641,3.646,1200,7 DIAS,0,1,,,0,1,0
C001-1199,Productos,2023-06-10,SOLES,CONTADO,Emitida,3.641,3.646,1199,7 DIAS,0,1,,,0,1,0
C001-1198,Productos,2023-06-09,DOLARES,CONTADO,Emitida,3.655,3.661,1198,1 DÍAS,0,1,ENTREGA SEGÚN STOCK,,0,1,0
C001-1197,Productos,2023-06-09,DOLARES,CONTADO,Emitida,3.655,3.661,1197,1 DÍAS,0,1,ENTREGA SEGÚN STOCK,,0,1,0
C001-1196,Productos,2023-06-09,SOLES,CONTADO,Emitida,3.655,3.661,1196,7 DIAS,0,1,,,0,1,0
C001-1195,Productos,2023-06-09,DOLARES,CONTADO,Generada,3.655,3.661,1195,1 DÍAS,0,1,ENTREGA SEGÚN STOCK,,0,1,0
C001-1194,Productos,2023-06-09,SOLES,CONTADO,Generada,3.655,3.661,1194,7 DIAS,0,1,,,0,1,0
C001-1193,Productos,2023-06-08,SOLES,CREDITO,Emitida,3.671,3.674,1193,1 DÍAS,60 DÍAS,1,"PRODUCTOS EN STOCK 15 DÍAS HÁBILES LA ENTREGA, PARA FABRICACIÓN DE 20 A 25 DÍAS HÁBILES",23-00914-SC,0,1,0
C001-1192,Productos,2023-06-22,DOLARES,CREDITO,Emitida,3.671,3.674,1192,3 DÍAS,60 DÍAS,1,OC: 3008373959   ( 1 CAJA Y 1 PAQUETE ),3008373959,0,1,0
C001-1191,Productos,2023-06-08,DOLARES,CREDITO,Emitida,3.671,3.674,1191,1 DÍAS,7 DIAS,1,OC : 2722869,2722869,0,1,0
C001-1190,Productos,2023-06-07,SOLES,CONTADO,Generada,3.687,3.691,1190,7 DIAS,0,1,,,0,1,0
C001-1189,Productos,2023-06-06,DOLARES,CONTADO,Emitida,3.673,3.68,1189,1 DÍAS,0,1,ENTREGA SEGÚN STOCK,,0,1,0
C001-1188,Productos,2023-06-06,SOLES,CREDITO,Emitida,3.656,3.667,1188,1 DÍAS,60 DÍAS,1,"PRODUCTOS EN STOCK DE 10 A 15 DIAS HABILES LA ENTREGA, PARA FABRICACION DE 15 A 20 DIAS HABILES",23-00813-SC,0,1,0
C001-1187,Productos,2023-06-06,DOLARES,CONTADO,Emitida,3.673,3.68,1187,1 DÍAS,0,1,ENTREGA SEGÚN STOCK,,0,1,0
C001-1186,Productos,2023-06-05,DOLARES,CONTADO,Emitida,3.682,3.688,1186,1 DÍAS,0,1,ENTREGA SEGÚN STOCK,,0,1,0
C001-1185,Productos,2023-06-05,DOLARES,CONTADO,Emitida,3.682,3.688,1185,1 DÍAS,0,1,ENTREGA SEGÚN STOCK,,0,1,0
C001-1184,Productos,2023-06-05,DOLARES,CONTADO,Emitida,3.682,3.688,1184,1 DÍAS,0,1,ENTREGA SEGÚN STOCK,,0,1,0
C001-1183,Productos,2023-06-05,DOLARES,CONTADO,Emitida,3.682,3.688,1183,1 DÍAS,0,1,ENTREGA SEGÚN STOCK,,0,1,0
C001-1182,Productos,2023-06-03,DOLARES,CONTADO,Generada,3.682,3.688,1182,1 DÍAS,0,1,ENTREGA SEGÚN STOCK,,0,1,0
C001-1181,Productos,2023-06-03,SOLES,CONTADO,Emitida,3.682,3.688,1181,1 DÍAS,0,1,ENTREGA SEGÚN STOCK,,0,1,0
C001-1180,Productos,2023-06-03,DOLARES,CONTADO,Emitida,3.843,3.848,1180,1 DÍAS,0,1,ENTREGA SEGÚN STOCK,,0,1,0
C001-1179,Productos,2023-06-02,DOLARES,CONTADO,Emitida,3.676,3.684,1179,1 DÍAS,0,1,ENTREGA SEGÚN STOCK,,0,1,0
C001-1178,Productos,2023-06-02,SOLES,CREDITO,Emitida,3.676,3.684,1178,1 DÍAS,15 DÍAS,1,ENTREGA SEGÚN STOCK,,0,1,0
C001-1177,Productos,2023-06-02,SOLES,CREDITO,Emitida,3.698,3.702,1177,1 DÍAS,60 DÍAS,1,"PRODUCTOS EN STOCK DE 10 A 15 DIAS HABILES LA ENTREGA, PARA FABRICACION DE 15 A 20 DIAS HABILES",23-00808-SC,0,1,0
C001-1176,Productos,2023-06-02,SOLES,CREDITO,Emitida,3.649,3.659,1176,1 DÍAS,60 DÍAS,1,"PRODUCTOS EN STOCK DE 10 A 15 DIAS HABILES LA ENTREGA, PARA FABRICACION DE 15 A 20 DIAS HABILES",23-00785-SC,0,1,0
C001-1175,Productos,2023-06-02,DOLARES,CONTADO,Emitida,3.676,3.684,1175,1 DÍAS,0,1,ENTREGA SEGÚN STOCK,,0,1,0
C001-1174,Productos,2023-06-02,DOLARES,CONTADO,Generada,3.676,3.684,1174,1 DÍAS,0,1,ENTREGA SEGÚN STOCK,,0,1,0
C001-1173,Productos,2023-06-01,SOLES,CONTADO,Emitida,3.676,3.684,1173,1 DÍAS,0,1,ENTREGA SEGÚN STOCK,,0,1,0
C001-1172,Productos,2023-05-31,DOLARES,CONTADO,Emitida,3.671,3.677,1172,1 DÍAS,0,1,ENTREGA SEGÚN STOCK,,0,1,0
C001-1171,Productos,2023-05-31,DOLARES,CONTADO,Generada,3.671,3.677,1171,1 DÍAS,0,1,ENTREGA SEGÚN STOCK,,0,1,0
C001-1170,Productos,2023-05-31,DOLARES,CONTADO,Generada,3.671,3.677,1170,1 DÍAS,0,1,ENTREGA SEGÚN STOCK,,0,1,0
C001-1169,Productos,2023-05-31,DOLARES,CONTADO,Generada,3.671,3.677,1169,1 DÍAS,0,1,ENTREGA SEGÚN STOCK,,0,1,0
C001-1168,Productos,2023-05-31,SOLES,CREDITO,Emitida,3.698,3.702,1168,1 DÍAS,60 DÍAS,1,"PRODUCTOS EN STOCK DE 10 A 15 DIAS HABILES LA ENTREGA, PARA FABRICACION DE 15 A 20 DIAS HABILES",23-00808-SC,0,1,0
C001-1167,Productos,2023-05-31,SOLES,CREDITO,Emitida,3.649,3.659,1167,1 DÍAS,60 DÍAS,1,"PRODUCTOS EN STOCK DE 10 A 15 DIAS HABILES LA ENTREGA, PARA FABRICACION DE 15 A 20 DIAS HABILES",23-00785-SC,0,1,0
C001-1166,Productos,2023-05-31,DOLARES,CONTADO,Emitida,3.671,3.677,1166,1 DÍAS,0,1,ENTREGA SEGÚN STOCK,,0,1,0
C001-1165,Productos,2023-05-31,DOLARES,CONTADO,Generada,3.671,3.677,1165,1 DÍAS,0,1,ENTREGA SEGÚN STOCK,,0,1,0
C001-1164,Productos,2023-05-31,DOLARES,CONTADO,Generada,3.671,3.677,1164,1 DÍAS,0,1,ENTREGA SEGÚN STOCK,,0,1,0
C001-1163,Productos,2023-05-30,SOLES,CONTADO,Emitida,3.667,3.68,1163,1 DÍAS,0,1,ENTREGA SEGÚN STOCK,,0,1,0
C001-1162,Servicios,2023-05-30,SOLES,CONTADO,Emitida,3.667,3.68,1162,1 DÍAS,0,1,SERVICIO DE PINTADO DE PANGA NORMA,70056152,0,1,0
C001-1161,Productos,2023-05-30,DOLARES,CONTADO,Emitida,3.667,3.68,1161,1 DÍAS,0,1,ENTREGA SEGÚN STOCK,,0,1,0
C001-1160,Productos,2023-05-30,SOLES,CREDITO,Emitida,3.667,3.68,1160,1 DÍAS,60 DÍAS,1,"PRODUCTOS EN STOCK DE 10 A 15 DIAS HABILES LA ENTREGA, PARA FABRICACION DE 15 A 20 DIAS HABILES",23-00860-SC,0,1,0
C001-1159,Productos,2023-05-30,DOLARES,CONTADO,Emitida,3.667,3.68,1159,1 DÍAS,0,1,ENTREGA SEGÚN STOCK,,0,1,0
C001-1158,Productos,2023-05-30,DOLARES,CONTADO,Emitida,3.667,3.68,1158,1 DÍAS,0,1,ENTREGA SEGÚN STOCK,,0,1,0
C001-1157,Productos,2023-05-30,DOLARES,CONTADO,Emitida,3.667,3.68,1157,1 DÍAS,0,1,ENTREGA SEGÚN STOCK,,0,1,0
C001-1156,Productos,2023-05-29,DOLARES,CONTADO,Emitida,3.671,3.675,1156,1 DÍAS,0,1,ENTREGA SEGÚN STOCK,,0,1,0
C001-1155,Productos,2023-05-29,SOLES,CONTADO,Generada,3.671,3.675,1155,1 DÍAS,0,1,ENTREGA SEGÚN STOCK,,0,1,0
C001-1154,Productos,2023-05-29,SOLES,CONTADO,Generada,3.671,3.675,1154,1 DÍAS,0,1,ENTREGA SEGÚN STOCK,,0,1,0
C001-1153,Productos,2023-05-29,DOLARES,CONTADO,Emitida,3.671,3.675,1153,1 DÍAS,0,1,ENTREGA SEGÚN STOCK,,0,1,0
C001-1152,Productos,2023-05-29,SOLES,CREDITO,Emitida,3.671,3.675,1152,1 DÍAS,60 DÍAS,1,OBRA PUENTE COMUNEROS II,23-00904-SC,0,1,0
C001-1151,Productos,2023-05-29,DOLARES,CONTADO,Emitida,3.671,3.675,1151,1 DÍAS,0,1,ENTREGA SEGÚN STOCK,,0,1,0
C001-1150,Productos,2023-05-27,DOLARES,CONTADO,Generada,3.671,3.675,1150,1 DÍAS,0,1,ENTREGA SEGÚN STOCK,,0,1,0
C001-1149,Productos,2023-05-27,DOLARES,CONTADO,Emitida,3.671,3.675,1149,1 DÍAS,0,1,ENTREGA SEGÚN STOCK,,0,1,0
C001-1148,Productos,2023-05-27,SOLES,CONTADO,Generada,3.671,3.675,1148,7 DIAS,0,1,,,0,1,0
C001-1147,Productos,2023-05-27,DOLARES,CONTADO,Emitida,3.671,3.675,1147,1 DÍAS,0,1,ENTREGA SEGÚN STOCK,,0,1,0
C001-1146,Productos,2023-05-27,DOLARES,CONTADO,Generada,3.671,3.675,1146,1 DÍAS,0,1,ENTREGA SEGÚN STOCK,,0,1,0
C001-1145,Productos,2023-05-27,DOLARES,CONTADO,Emitida,3.671,3.675,1145,1 DÍAS,0,1,ENTREGA SEGÚN STOCK,,0,1,0
C001-1144,Productos,2023-05-26,SOLES,CONTADO,Generada,3.692,3.698,1144,7 DIAS,0,1,,,0,1,0
C001-1143,Productos,2023-05-26,SOLES,CONTADO,Generada,3.692,3.698,1143,7 DIAS,0,1,,,0,1,0
C001-1142,Productos,2023-05-26,DOLARES,CONTADO,Generada,3.692,3.698,1142,1 DÍAS,0,1,ENTREGA SEGÚN STOCK,,0,1,0
C001-1141,Productos,2023-05-26,DOLARES,CONTADO,Emitida,3.692,3.698,1141,1 DÍAS,0,1,ENTREGA SEGÚN STOCK,,0,1,0
C001-1140,Productos,2023-05-26,DOLARES,CONTADO,Generada,3.692,3.698,1140,1 DÍAS,0,1,ENTREGA SEGÚN STOCK,,0,1,0
C001-1139,Productos,2023-05-25,DOLARES,CONTADO,Generada,3.683,3.69,1139,1 DÍAS,0,1,ENTREGA SEGÚN STOCK,,0,1,0
C001-1138,Productos,2023-05-25,DOLARES,CONTADO,Emitida,3.683,3.69,1138,1 DÍAS,0,1,ENTREGA SEGÚN STOCK,,0,1,0
C001-1137,Productos,2023-05-25,DOLARES,CONTADO,Generada,3.683,3.69,1137,1 DÍAS,0,1,ENTREGA SEGÚN STOCK,,0,1,0
C001-1136,Productos,2023-05-25,DOLARES,CONTADO,Emitida,3.683,3.69,1136,1 DÍAS,0,1,ENTREGA SEGÚN STOCK,,0,1,0
C001-1135,Productos,2023-05-25,SOLES,CONTADO,Generada,3.683,3.69,1135,1 DÍAS,0,1,ENTREGA SEGÚN STOCK,,0,1,0
C001-1134,Productos,2023-05-25,DOLARES,CONTADO,Emitida,3.683,3.69,1134,1 DÍAS,0,1,ENTREGA SEGÚN STOCK,,0,1,0
C001-1133,Productos,2023-05-24,DOLARES,CONTADO,Emitida,3.689,3.695,1133,1 DÍAS,0,1,ENTREGA SEGÚN STOCK,,0,1,0
C001-1132,Productos,2023-05-24,DOLARES,CONTADO,Emitida,3.689,3.695,1132,1 DÍAS,0,1,ENTREGA SEGÚN STOCK,,0,1,0
C001-1131,Productos,2023-05-23,DOLARES,CONTADO,Emitida,3.686,3.695,1131,1 DÍAS,0,1,ENTREGA SEGÚN STOCK,,0,1,0
C001-1130,Productos,2023-05-23,DOLARES,CONTADO,Emitida,3.686,3.695,1130,1 DÍAS,0,1,ENTREGA SEGÚN STOCK,,0,1,0
C001-1129,Productos,2023-05-23,DOLARES,CONTADO,Emitida,3.686,3.695,1129,1 DÍAS,0,1,ENTREGA SEGÚN STOCK,,0,1,0
C001-1128,Productos,2023-05-23,DOLARES,CONTADO,Generada,3.686,3.695,1128,1 DÍAS,0,1,ENTREGA SEGÚN STOCK,,0,1,0
C001-1127,Productos,2023-05-23,DOLARES,CONTADO,Emitida,3.686,3.695,1127,1 DÍAS,0,1,ENTREGA SEGÚN STOCK,,0,1,0
C001-1126,Servicios,2023-05-22,SOLES,CONTADO,Emitida,3.688,3.696,1126,1 DÍAS,0,1,SERVICIO DE LIMPIEZA DE TANQUE DE COMBUSTIBLE ( PG ESTELA DE PLATA II ),70057016,1,1,0
C001-1125,Productos,2023-05-22,DOLARES,CONTADO,Emitida,3.688,3.696,1125,1 DÍAS,0,1,ENTREGA SEGÚN STOCK,,0,1,0
C001-1124,Productos,2023-05-20,DOLARES,CONTADO,Emitida,3.688,3.696,1124,1 DÍAS,0,1,ENTREGA SEGÚN STOCK,,0,1,0
C001-1123,Productos,2023-05-20,SOLES,CREDITO,Emitida,3.688,3.696,1123,1 DÍAS,30 DÍAS,1,ENTREGA SEGÚN STOCK,AL0006-2023,0,1,0
C001-1122,Productos,2023-05-20,DOLARES,CONTADO,Generada,3.688,3.696,1122,1 DÍAS,0,1,ENTREGA SEGÚN STOCK,,0,1,0
C001-1121,Productos,2023-05-19,DOLARES,CONTADO,Generada,3.698,3.702,1121,1 DÍAS,0,1,ENTREGA SEGÚN STOCK,,0,1,0
C001-1120,Productos,2023-05-19,DOLARES,CONTADO,Emitida,3.698,3.702,1120,1 DÍAS,0,1,ENTREGA SEGÚN STOCK,,0,1,0
C001-1119,Productos,2023-05-19,DOLARES,CONTADO,Emitida,3.698,3.702,1119,1 DÍAS,0,1,ENTREGA SEGÚN STOCK,,0,1,0
C001-1118,Productos,2023-05-18,DOLARES,CONTADO,Generada,3.698,3.702,1118,1 DÍAS,0,1,ENTREGA SEGUN STOCK,,0,1,0
C001-1117,Productos,2023-05-18,DOLARES,CONTADO,Emitida,3.698,3.702,1117,1 DÍAS,0,1,ENTREGA SEGÚN STOCK,,0,1,0
C001-1116,Servicios,2023-05-18,SOLES,CONTADO,Emitida,3.691,3.697,1116,1 DÍAS,0,1,FLUSHING DE SISTEMA DE ENFRIAMIENTO MOTOR CAT C6.6 AFTERCOOLER - E/P NORMA,55094273,0,1,0
C001-1115,Productos,2023-05-18,DOLARES,CONTADO,Emitida,3.691,3.697,1115,1 DÍAS,0,1,ENTREGA SEGÚN STOCK,,0,1,0
C001-1114,Productos,2023-05-18,DOLARES,CONTADO,Generada,3.691,3.697,1114,1 DÍAS,0,1,ENTREGA SEGÚN STOCK,,0,1,0
C001-1113,Productos,2023-05-17,DOLARES,CONTADO,Generada,3.678,3.683,1113,1 DÍAS,0,1,ENTREGA SEGÚN STOCK,,0,1,0
C001-1112,Productos,2023-05-17,DOLARES,CONTADO,Emitida,3.678,3.683,1112,1 DÍAS,0,1,ENTREGA SEGÚN STOCK,,0,1,0
C001-1111,Productos,2023-05-17,DOLARES,CONTADO,Emitida,3.678,3.683,1111,1 DÍAS,0,1,ENTREGA SEGÚN STOCK,,0,1,0
C001-1110,Productos,2023-05-17,DOLARES,CONTADO,Emitida,3.656,3.667,1110,1 DÍAS,0,1,ENTREGA SEGÚN STOCK,,0,1,0
C001-1109,Productos,2023-05-17,DOLARES,CONTADO,Emitida,3.678,3.683,1109,1 DÍAS,0,1,ENTREGA SEGÚN STOCK,,0,1,0
C001-1108,Productos,2023-05-17,DOLARES,CONTADO,Generada,3.678,3.683,1108,1 DÍAS,0,1,ENTREGA SEGÚN STOCK,,0,1,0
C001-1107,Productos,2023-05-17,DOLARES,CONTADO,Generada,3.678,3.683,1107,1 DÍAS,0,1,ENTREGA SEGÚN STOCK,,0,1,0
C001-1106,Productos,2023-05-17,DOLARES,CREDITO,Emitida,3.678,3.683,1106,1 DÍAS,30 DÍAS,1,ENTREGA SEGÚN STOCK,,0,1,0
C001-1105,Productos,2023-05-17,DOLARES,CONTADO,Generada,3.678,3.683,1105,1 DÍAS,0,1,ENTREGA SEGÚN STOCK,,0,1,0
C001-1104,Productos,2023-05-16,DOLARES,CONTADO,Generada,3.656,3.667,1104,1 DÍAS,0,1,ENTREGA SEGÚN STOCK,,0,1,0
C001-1103,Productos,2023-05-16,DOLARES,CONTADO,Generada,3.656,3.667,1103,1 DÍAS,0,1,ENTREGA SEGÚN STOCK,,0,1,0
C001-1102,Productos,2023-05-16,SOLES,CREDITO,Emitida,3.656,3.667,1102,1 DÍAS,60 DÍAS,1,"PRODUCTOS EN STOCK DE 10 A 15 DIAS HABILES LA ENTREGA, PARA FABRICACION DE 15 A 20 DIAS HABILES",23-00813-SC,0,1,0
C001-1101,Productos,2023-05-16,SOLES,CREDITO,Emitida,3.656,3.667,1101,1 DÍAS,30 DÍAS,1,ENTREGA SEGÚN STOCK,AL0005-2023,0,1,0
C001-1100,Productos,2023-05-16,DOLARES,CONTADO,Generada,3.649,3.659,1100,1 DÍAS,0,1,E/P MARIA VIRGINIA,,0,1,0
C001-1099,Productos,2023-05-16,DOLARES,CONTADO,Generada,3.649,3.659,1099,1 DÍAS,0,1,E/P JOSELITO 2,,0,1,0
C001-1098,Productos,2023-05-16,DOLARES,CONTADO,Generada,3.649,3.659,1098,1 DÍAS,0,1,E/P DON PEDRO,,0,1,0
C001-1097,Productos,2023-05-16,DOLARES,CONTADO,Generada,3.649,3.659,1097,1 DÍAS,0,1,E/P DON WILLY,,0,1,0
C001-1096,Productos,2023-05-16,DOLARES,CONTADO,Generada,3.656,3.667,1096,1 DÍAS,0,1,ENTREGA SEGÚN STOCK,,0,1,0
C001-1095,Productos,2023-05-15,SOLES,CREDITO,Emitida,3.649,3.659,1095,1 DÍAS,60 DÍAS,1,"PRODUCTOS EN STOCK DE 10 A 15 DIAS HABILES LA ENTREGA, PARA FABRICACION DE 15 A 20 DIAS HABILES",23-00785-SC,0,1,0
C001-1094,Productos,2023-05-15,DOLARES,CONTADO,Emitida,3.649,3.659,1094,1 DÍAS,0,1,ENTREGA SEGÚN STOCK,,0,1,0
C001-1093,Productos,2023-05-15,DOLARES,CONTADO,Emitida,3.649,3.659,1093,1 DÍAS,0,1,E/P MARIA VIRGINIA,,0,1,0
C001-1092,Productos,2023-05-15,DOLARES,CONTADO,Generada,3.649,3.659,1092,1 DÍAS,0,1,E/P JOSELITO 2,,0,1,0
C001-1091,Productos,2023-05-15,DOLARES,CONTADO,Emitida,3.649,3.659,1091,1 DÍAS,0,1,E/P DON PEDRO,,0,1,0
C001-1090,Productos,2023-05-15,DOLARES,CONTADO,Emitida,3.649,3.659,1090,1 DÍAS,0,1,ENTREGA SEGÚN STOCK,,0,1,0
C001-1089,Productos,2023-05-15,DOLARES,CONTADO,Generada,3.649,3.659,1089,1 DÍAS,0,1,E/P DON WILLY,,0,1,0
C001-1088,Productos,2023-05-15,DOLARES,CONTADO,Emitida,3.649,3.659,1088,1 DÍAS,0,1,ENTREGA SEGÚN STOCK,,0,1,0
C001-1087,Productos,2023-05-13,DOLARES,CONTADO,Emitida,3.649,3.659,1087,1 DÍAS,0,1,ENTREGA SEGÚN STOCK,,0,1,0
C001-1086,Productos,2023-05-13,DOLARES,CONTADO,Generada,3.649,3.659,1086,1 DÍAS,0,1,E/P MARIA VIRGINIA,,0,1,1
C001-1085,Productos,2023-05-13,DOLARES,CREDITO,Emitida,3.649,3.659,1085,1 DÍAS,7 DÍAS,1,CARENA E/P JOSELITO 2,OC01-00008,0,1,0
C001-1084,Productos,2023-05-13,DOLARES,CONTADO,Generada,3.649,3.659,1084,1 DÍAS,0,1,E/P DON PEDRO,,0,1,1
C001-1083,Productos,2023-05-13,DOLARES,CREDITO,Emitida,3.649,3.659,1083,1 DÍAS,7 DÍAS,1,CARENA E/P DON WILLY,OC01-00010,0,1,0
C001-1082,Productos,2023-05-12,SOLES,CONTADO,Generada,3.649,3.659,1082,1 DÍAS,0,1,ENTREGA SEGÚN STOCK,,0,1,0
C001-1081,Productos,2023-05-12,SOLES,CONTADO,Generada,3.649,3.659,1081,1 DÍAS,0,1,ENTREGA SEGÚN STOCK,,0,1,0
C001-1080,Productos,2023-05-12,SOLES,CONTADO,Generada,3.649,3.659,1080,1 DÍAS,0,1,ENTREGA SEGÚN STOCK,,0,1,0
C001-1079,Productos,2023-05-12,DOLARES,CONTADO,Emitida,3.675,3.683,1079,1 DÍAS,0,1,ENTREGA SEGÚN STOCK,,0,1,0
C001-1078,Productos,2023-05-12,DOLARES,CONTADO,Emitida,3.675,3.683,1078,1 DÍAS,0,1,ENTREGA SEGÚN STOCK,,0,1,0
C001-1077,Productos,2023-05-11,DOLARES,CONTADO,Emitida,3.67,3.678,1077,1 DÍAS,0,1,ENTREGA SEGÚN STOCK,,0,1,0
C001-1076,Productos,2023-05-11,SOLES,CONTADO,Generada,3.67,3.678,1076,1 DÍAS,0,1,ENTREGA SEGÚN STOCK,,0,1,0
C001-1075,Productos,2023-05-11,DOLARES,CONTADO,Generada,3.67,3.678,1075,1 DÍAS,0,1,ENTREGA SEGÚN STOCK,,0,1,0
C001-1074,Productos,2023-05-11,DOLARES,CONTADO,Emitida,3.67,3.678,1074,1 DÍAS,0,1,ENTREGA SEGÚN STOCK,,0,1,0
C001-1073,Productos,2023-05-10,DOLARES,CONTADO,Generada,3.698,3.702,1073,1 DÍAS,0,1,ENTREGA SEGÚN STOCK,,0,1,0
C001-1072,Productos,2023-05-10,SOLES,CONTADO,Emitida,3.698,3.702,1072,1 DÍAS,0,1,ENTREGA SEGÚN STOCK,,0,1,0
C001-1071,Productos,2023-05-10,DOLARES,CONTADO,Emitida,3.698,3.702,1071,1 DÍAS,0,1,ENTREGA SEGÚN STOCK,,0,1,0
C001-1070,Productos,2023-05-10,SOLES,CREDITO,Emitida,3.698,3.702,1070,1 DÍAS,60 DÍAS,1,"PRODUCTOS EN STOCK DE 10 A 15 DIAS HABILES LA ENTREGA, PARA FABRICACION DE 15 A 20 DIAS HABILES",23-00808-SC,0,1,0
C001-1069,Productos,2023-05-10,DOLARES,CONTADO,Generada,3.698,3.702,1069,1 DÍAS,0,1,ENTREGA SEGÚN STOCK,,0,1,0
C001-1068,Productos,2023-05-08,SOLES,CREDITO,Emitida,3.709,3.717,1068,1 DÍAS,60 DÍAS,1,ENTREGA DE PRODUCTOS DE 5 A 7 DIAS HABILES,23-00753-SC,0,1,0
C001-1067,Productos,2023-05-08,DOLARES,CONTADO,Emitida,3.709,3.717,1067,1 DÍAS,0,1,ENTREGA SEGÚN STOCK,,0,1,0
C001-1066,Productos,2023-05-08,SOLES,CONTADO,Generada,3.709,3.717,1066,1 DÍAS,0,1,ENTREGA SEGÚN STOCK,,0,1,0
C001-1065,Productos,2023-05-08,DOLARES,CONTADO,Generada,3.709,3.717,1065,1 DÍAS,0,1,ENTREGA SEGÚN STOCK,,0,1,0
C001-1064,Productos,2023-05-06,SOLES,CONTADO,Emitida,3.709,3.717,1064,1 DÍAS,0,1,ENTREGA SEGÚN STOCK,,0,1,0
C001-1063,Productos,2023-05-06,SOLES,CONTADO,Emitida,3.709,3.717,1063,1 DÍAS,0,1,ENTREGA SEGÚN STOCK,,0,1,0
C001-1062,Productos,2023-05-06,SOLES,CONTADO,Emitida,3.709,3.717,1062,1 DÍAS,0,1,ENTREGA SEGÚN STOCK,,0,1,0
C001-1061,Productos,2023-05-06,DOLARES,CONTADO,Emitida,3.709,3.717,1061,1 DÍAS,0,1,ENTREGA SEGÚN STOCK,,0,1,0
C001-1060,Productos,2023-05-05,DOLARES,CONTADO,Emitida,3.709,3.717,1060,1 DÍAS,0,1,ENTREGA SEGÚN STOCK,,0,1,0
C001-1059,Productos,2023-05-05,DOLARES,CREDITO,Emitida,3.709,3.717,1059,1 DÍAS,45 DÍAS,1,ENTREGA SEGÚN STOCK,,0,1,0
C001-1058,Productos,2023-05-05,DOLARES,CREDITO,Emitida,3.716,3.719,1058,1 DÍAS,45 DÍAS,1,ENTREGA SEGÚN STOCK,,0,1,0
C001-1057,Productos,2023-05-05,DOLARES,CONTADO,Emitida,3.716,3.719,1057,1 DÍAS,0,1,ENTREGA SEGÚN STOCK,,0,1,0
C001-1056,Productos,2023-05-05,DOLARES,CONTADO,Emitida,3.716,3.719,1056,1 DÍAS,0,1,ENTREGA SEGÚN STOCK,,0,1,0
C001-1055,Productos,2023-05-05,DOLARES,CONTADO,Emitida,3.716,3.719,1055,1 DÍAS,0,1,ENTREGA SEGÚN STOCK,,0,1,0
C001-1054,Servicios,2023-05-04,SOLES,CONTADO,Emitida,3.704,3.709,1054,1 DÍAS,0,1,LIMPIEZA DE INTERCAMBIADOR DE CALOR - E/P PITI,70056737,0,1,0
C001-1053,Servicios,2023-05-04,SOLES,CONTADO,Emitida,3.704,3.709,1053,1 DÍAS,0,1,MANTTO PREV. PINTADO DE BODEGAS - E/P ROSA II,70056380,0,1,0
C001-1052,Servicios,2023-05-04,SOLES,CONTADO,Emitida,3.704,3.709,1052,1 DÍAS,0,1,PINTADO DE MOTOR PRINCIPAL GENERAL ELECTRIC - E/P MALENA,70053549,0,1,0
C001-1051,Productos,2023-05-04,DOLARES,CONTADO,Emitida,3.704,3.709,1051,1 DÍAS,0,1,ENTREGA SEGÚN STOCK,,0,1,0
C001-1050,Productos,2023-05-04,DOLARES,CREDITO,Generada,3.704,3.709,1050,1 DÍAS,45 DÍAS,1,ENTREGA SEGÚN STOCK,,0,1,0
C001-1049,Productos,2023-05-04,DOLARES,CONTADO,Emitida,3.704,3.709,1049,1 DÍAS,0,1,ENTREGA SEGÚN STOCK,,0,1,0
C001-1048,Productos,2023-05-04,DOLARES,CONTADO,Emitida,3.704,3.709,1048,1 DÍAS,0,1,ENTREGA SEGÚN STOCK,,0,1,0
C001-1047,Productos,2023-05-04,DOLARES,CONTADO,Emitida,3.704,3.709,1047,1 DÍAS,0,1,ENTREGA SEGÚN STOCK,,0,1,0
C001-1046,Productos,2023-05-04,DOLARES,CONTADO,Emitida,3.704,3.709,1046,1 DÍAS,0,1,ENTREGA SEGÚN STOCK,,0,1,0
C001-1045,Productos,2023-05-03,DOLARES,CONTADO,Generada,3.706,3.715,1045,1 DÍAS,0,1,ENTREGA SEGÚN STOCK,,0,1,0
C001-1044,Productos,2023-05-03,DOLARES,CONTADO,Generada,3.706,3.715,1044,1 DÍAS,0,1,ENTREGA SEGÚN STOCK,,0,1,0
C001-1043,Productos,2023-05-03,SOLES,CREDITO,Emitida,3.706,3.715,1043,1 DÍAS,30 DÍAS,1,ENTREGA SEGÚN STOCK,,0,1,0
C001-1042,Productos,2023-05-03,DOLARES,CONTADO,Emitida,3.706,3.715,1042,1 DÍAS,0,1,ENTREGA SEGÚN STOCK,,0,1,0
C001-1041,Productos,2023-05-02,DOLARES,CONTADO,Emitida,3.711,3.719,1041,1 DÍAS,0,1,ENTREGA SEGÚN STOCK,,0,1,0
C001-1040,Productos,2023-04-29,DOLARES,CONTADO,Generada,3.711,3.719,1040,1 DÍAS,0,1,ENTREGA SEGÚN STOCK,,0,1,0
C001-1039,Productos,2023-04-29,DOLARES,CONTADO,Emitida,3.711,3.719,1039,1 DÍAS,0,1,ENTREGA SEGÚN STOCK,,0,1,0
C001-1038,Productos,2023-04-28,DOLARES,CREDITO,Emitida,3.711,3.719,1038,1 DÍAS,30 DÍAS,1,ENTREGA SEGÚN STOCK,051-2023,0,1,0
C001-1037,Productos,2023-04-28,DOLARES,CREDITO,Emitida,3.731,3.737,1037,1 DÍAS,30 DÍAS,1,ENTREGA SEGÚN STOCK,,0,1,0
C001-1036,Productos,2023-04-28,SOLES,CONTADO,Emitida,3.752,3.762,1036,1 DÍAS,0,1,ENTREGA SEGÚN STOCK,,0,1,0
C001-1035,Productos,2023-04-28,SOLES,CONTADO,Generada,3.731,3.737,1035,1 DÍAS,0,1,ENTREGA SEGÚN STOCK,,0,1,0
C001-1034,Productos,2023-04-28,SOLES,CONTADO,Emitida,3.731,3.737,1034,1 DÍAS,0,1,ENTREGA SEGÚN STOCK,,0,1,0
C001-1033,Productos,2023-04-28,DOLARES,CONTADO,Generada,3.731,3.737,1033,1 DÍAS,0,1,ENTREGA SEGÚN STOCK,,0,1,0
C001-1032,Productos,2023-04-27,SOLES,CREDITO,Generada,3.731,3.737,1032,1 DÍAS,60 DÍAS,1,"PRODUCTOS EN STOCK DE 10 A 15 DIAS HABILES LA ENTREGA, PARA FABRICACION DE 15 A 20 DIAS HABILES",,0,1,0
C001-1031,Productos,2023-04-27,SOLES,CREDITO,Emitida,3.731,3.737,1031,1 DÍAS,60 DÍAS,1,"PRODUCTOS EN STOCK DE 10 A 15 DIAS HABILES LA ENTREGA, PARA FABRICACION DE 15 A 20 DIAS HABILES",23-00706-SC,0,1,0
C001-1030,Productos,2023-04-27,DOLARES,CONTADO,Emitida,3.742,3.75,1030,1 DÍAS,0,1,ENTREGA SEGÚN STOCK,,0,1,0
C001-1029,Productos,2023-04-27,SOLES,CREDITO,Generada,3.742,3.75,1029,7 DIAS,60 DIAS,1,,,0,1,0
C001-1028,Productos,2023-04-27,DOLARES,CONTADO,Emitida,3.742,3.75,1028,1 DÍAS,0,1,ENTREGA SEGÚN STOCK,,0,1,0
C001-1027,Servicios,2023-04-26,SOLES,CONTADO,Emitida,3.752,3.762,1027,1 DÍAS,0,1,LIMPIEZA DE INCRUSTACIONES MARINAS E HIDROLAVADO DE CASCO DE PANGON GABRIELA,70055231,0,1,0
C001-1026,Productos,2023-04-26,SOLES,CONTADO,Generada,3.752,3.762,1026,1 DÍAS,0,1,PARA USO DE SERVICIOS,,0,1,0
C001-1025,Productos,2023-04-26,SOLES,CONTADO,Generada,3.752,3.762,1025,1 DÍAS,0,1,PARA USO DE SERVICIOS,,0,1,0
C001-1024,Productos,2023-04-26,SOLES,CONTADO,Emitida,3.752,3.762,1024,1 DÍAS,0,1,PARA USO DE SERVICIOS,,0,1,0
C001-1023,Productos,2023-04-26,SOLES,CONTADO,Emitida,3.752,3.762,1023,1 DÍAS,0,1,ENTREGA SEGÚN STOCK,,0,1,0
C001-1022,Productos,2023-04-26,SOLES,CREDITO,Emitida,3.752,3.762,1022,1 DÍAS,15 DÍAS,1,ENTREGA SEGÚN STOCK,,0,1,0
C001-1021,Productos,2023-04-26,DOLARES,CONTADO,Generada,3.752,3.762,1021,1 DÍAS,0,1,ENTREGA SEGÚN STOCK,,0,1,0
C001-1020,Productos,2023-04-26,DOLARES,CONTADO,Generada,3.752,3.762,1020,1 DÍAS,0,1,ENTREGA SEGÚN STOCK,,0,1,0
C001-1019,Productos,2023-04-26,DOLARES,CONTADO,Generada,3.752,3.762,1019,7 DIAS,0,1,,,0,1,0
C001-1018,Productos,2023-04-26,DOLARES,CONTADO,Emitida,3.752,3.762,1018,1 DÍAS,0,1,ENTREGA SEGÚN STOCK,,0,1,0
C001-1017,Productos,2023-04-26,DOLARES,CONTADO,Emitida,3.752,3.762,1017,1 DÍAS,0,1,ENTREGA SEGÚN STOCK,,0,1,0
C001-1016,Productos,2023-04-26,DOLARES,CONTADO,Emitida,3.752,3.762,1016,1 DÍAS,0,1,ENTREGA SEGÚN STOCK,,0,1,0
C001-1015,Productos,2023-04-26,DOLARES,CONTADO,Emitida,3.752,3.762,1015,1 DÍAS,0,1,ENTREGA SEGÚN STOCK,,0,1,0
C001-1014,Productos,2023-04-25,DOLARES,CONTADO,Generada,3.754,3.761,1014,1 DÍAS,0,1,ENTREGA SEGÚN STOCK,,0,1,0
C001-1013,Productos,2023-04-25,DOLARES,CONTADO,Emitida,3.754,3.761,1013,1 DÍAS,0,1,ENTREGA SEGÚN STOCK,,0,1,0
C001-1012,Productos,2023-04-25,SOLES,CREDITO,Generada,3.754,3.761,1012,1 DÍAS,30 DÍAS,1,ENTREGA SEGÚN STOCK,,0,1,0
C001-1011,Productos,2023-04-25,DOLARES,CONTADO,Emitida,3.754,3.761,1011,1 DÍAS,0,1,ENTREGA SEGÚN STOCK,,0,1,0
C001-1010,Productos,2023-04-25,DOLARES,CONTADO,Generada,3.754,3.761,1010,1 DÍAS,0,1,ENTREGA SEGÚN STOCK,,0,1,0
C001-1009,Productos,2023-04-25,DOLARES,CONTADO,Generada,3.754,3.761,1009,1 DÍAS,0,1,ENTREGA SEGÚN STOCK,,0,1,0
C001-1008,Productos,2023-04-25,DOLARES,CONTADO,Generada,3.754,3.761,1008,1 DÍAS,0,1,ENTREGA SEGÚN STOCK,,0,1,0
C001-1007,Productos,2023-04-25,DOLARES,CONTADO,Emitida,3.754,3.761,1007,1 DÍAS,0,1,ENTREGA SEGÚN STOCK,,0,1,0
C001-1006,Productos,2023-04-25,DOLARES,CONTADO,Emitida,3.754,3.761,1006,1 DÍAS,0,1,ENTREGA SEGÚN STOCK,,0,1,0
C001-1005,Productos,2023-04-24,DOLARES,CONTADO,Generada,3.762,3.768,1005,1 DÍAS,0,1,ENTREGA SEGÚN STOCK,,0,1,0
C001-1004,Productos,2023-04-24,DOLARES,CONTADO,Generada,3.762,3.768,1004,1 DÍAS,0,1,ENTREGA SEGÚN STOCK,,0,1,0
C001-1003,Productos,2023-04-24,DOLARES,CONTADO,Emitida,3.762,3.768,1003,1 DÍAS,0,1,ENTREGA SEGÚN STOCK,,0,1,0
C001-1002,Productos,2023-04-22,SOLES,CONTADO,Emitida,3.762,3.768,1002,1 DÍAS,0,1,ENTREGA SEGÚN STOCK,,0,1,0
C001-1001,Productos,2023-04-22,DOLARES,CONTADO,Emitida,3.762,3.768,1001,1 DÍAS,0,1,ENTREGA SEGÚN STOCK,,0,1,0
C001-1000,Productos,2023-04-21,SOLES,CONTADO,Generada,3.762,3.768,1000,1 DÍAS,0,1,ENTREGA SEGÚN STOCK,,0,1,0
C001-0999,Productos,2023-04-21,DOLARES,CONTADO,Emitida,3.762,3.768,999,1 DÍAS,0,1,ENTREGA SEGÚN STOCK,,0,1,0
C001-0998,Productos,2023-04-24,SOLES,CONTADO,Generada,3.762,3.768,998,1 DÍAS,0,1,ENTREGA SEGÚN STOCK,,0,1,0
C001-0997,Productos,2023-04-21,SOLES,CREDITO,Generada,3.762,3.768,997,1 DÍAS,60 DÍAS,1,"PRODUCTOS EN STOCK DE 10 A 15 DIAS HABILES LA ENTREGA, PARA FABRICACION DE 15 A 20 DIAS HABILES",,0,1,0
C001-0996,Productos,2023-04-21,DOLARES,CONTADO,Emitida,3.762,3.768,996,1 DÍAS,0,1,ENTREGA SEGÚN STOCK,,0,1,0
C001-0995,Productos,2023-04-21,DOLARES,CONTADO,Emitida,3.762,3.768,995,1 DÍAS,0,1,ENTREGA SEGÚN STOCK,,0,1,0
C001-0994,Productos,2023-04-20,DOLARES,CONTADO,Generada,3.774,3.781,994,1 DÍAS,0,1,ENTREGA SEGÚN STOCK,,0,1,0
C001-0993,Productos,2023-04-20,DOLARES,CONTADO,Generada,3.774,3.781,993,1 DÍAS,0,1,ENTREGA SEGÚN STOCK,,0,1,0
C001-0992,Productos,2023-04-20,DOLARES,CONTADO,Generada,3.774,3.781,992,1 DÍAS,0,1,ENTREGA SEGÚN STOCK,,0,1,0
C001-0991,Productos,2023-04-20,DOLARES,CREDITO,Emitida,3.774,3.781,991,1 DÍAS,30 DÍAS,1,ENTREGA SEGÚN STOCK,,0,1,0
C001-0990,Productos,2023-04-20,DOLARES,CONTADO,Emitida,3.774,3.781,990,1 DÍAS,0,1,ENTREGA SEGÚN STOCK,,0,1,0
C001-0989,Productos,2023-04-19,SOLES,CREDITO,Emitida,3.774,3.781,989,1 DÍAS,60 DÍAS,1,"PRODUCTOS EN STOCK DE 10 A 15 DIAS HABILES LA ENTREGA, PARA FABRICACION DE 15 A 20 DIAS HABILES",23-00723-SC,0,1,0
C001-0988,Productos,2023-04-19,DOLARES,CONTADO,Emitida,3.774,3.781,988,1 DÍAS,0,1,ENTREGA SEGÚN STOCK,,0,1,0
C001-0987,Productos,2023-04-19,DOLARES,CONTADO,Emitida,3.774,3.781,987,1 DÍAS,0,1,ENTREGA SEGÚN STOCK,,0,1,0
C001-0986,Productos,2023-04-19,SOLES,CONTADO,Emitida,3.774,3.781,986,1 DÍAS,0,1,ENTREGA SEGÚN STOCK,,0,1,0
C001-0985,Productos,2023-04-19,SOLES,CREDITO,Generada,3.774,3.781,985,1 DÍAS,60 DÍAS,1,"PRODUCTOS EN STOCK DE 10 A 15 DIAS HABILES LA ENTREGA, PARA FABRICACION DE 15 A 20 DIAS HABILES",,0,1,0
C001-0984,Productos,2023-04-18,DOLARES,CONTADO,Generada,3.779,3.785,984,1 DÍAS,0,1,ENTREGA SEGÚN STOCK,,0,1,0
C001-0983,Productos,2023-04-17,DOLARES,CONTADO,Emitida,3.778,3.784,983,1 DÍAS,0,1,ENTREGA SEGÚN STOCK,,0,1,0
C001-0982,Productos,2023-04-17,DOLARES,CONTADO,Generada,3.778,3.784,982,1 DÍAS,0,1,ENTREGA SEGÚN STOCK,,0,1,0
C001-0981,Productos,2023-04-17,DOLARES,CONTADO,Emitida,3.778,3.784,981,1 DÍAS,0,1,ENTREGA SEGÚN STOCK,,0,1,0
C001-0980,Productos,2023-04-17,DOLARES,CONTADO,Emitida,3.778,3.784,980,1 DÍAS,0,1,ENTREGA SEGÚN STOCK,,0,1,0
C001-0979,Productos,2023-04-14,DOLARES,CONTADO,Generada,3.774,3.777,979,1 DÍAS,0,1,ENTREGA SEGÚN STOCK,,0,1,0
C001-0978,Productos,2023-04-14,DOLARES,CONTADO,Emitida,3.774,3.777,978,1 DÍAS,0,1,ENTREGA SEGÚN STOCK,,0,1,0
C001-0977,Productos,2023-04-14,DOLARES,CONTADO,Emitida,3.774,3.777,977,1 DÍAS,0,1,ENTREGA SEGÚN STOCK,,0,1,0
C001-0976,Productos,2023-04-14,DOLARES,CONTADO,Emitida,3.774,3.777,976,1 DÍAS,0,1,ENTREGA SEGÚN STOCK,,0,1,0
C001-0975,Productos,2023-04-14,DOLARES,CONTADO,Emitida,3.774,3.777,975,1 DÍAS,0,1,ENTREGA SEGÚN STOCK,,0,1,0
C001-0974,Productos,2023-04-14,SOLES,CREDITO,Generada,3.774,3.777,974,1 DÍAS,60 DÍAS,1,"PRODUCTOS EN STOCK DE 10 A 15 DIAS HABILES LA ENTREGA, PARA FABRICACION DE 15 A 20 DIAS HABILES",,0,1,0
C001-0973,Productos,2023-04-13,DOLARES,CONTADO,Emitida,3.773,3.780,973,1 DÍAS,0,1,ENTREGA SEGÚN STOCK,,0,1,0
C001-0972,Productos,2023-04-13,DOLARES,CONTADO,Generada,3.773,3.78,972,1 DÍAS,0,1,ENTREGA SEGÚN STOCK,,0,1,0
C001-0971,Productos,2023-04-13,DOLARES,CONTADO,Emitida,3.773,3.78,971,1 DÍAS,0,1,ENTREGA SEGÚN STOCK,,0,1,0
C001-0970,Productos,2023-04-13,DOLARES,CONTADO,Generada,3.773,3.78,970,1 DÍAS,0,1,ENTREGA SEGÚN STOCK,,0,1,0
C001-0969,Productos,2023-04-13,DOLARES,CONTADO,Generada,3.773,3.78,969,1 DÍAS,0,1,ENTREGA SEGÚN STOCK,,0,1,0
C001-0968,Productos,2023-04-13,DOLARES,CONTADO,Emitida,3.773,3.78,968,1 DÍAS,0,1,ENTREGA SEGÚN STOCK,,0,1,0
C001-0967,Productos,2023-04-13,DOLARES,CONTADO,Generada,3.773,3.78,967,1 DÍAS,0,1,ENTREGA SEGÚN STOCK,,0,1,0
C001-0966,Productos,2023-04-13,DOLARES,CONTADO,Emitida,3.773,3.78,966,1 DÍAS,0,1,ENTREGA SEGÚN STOCK,,0,1,0
C001-0965,Productos,2023-04-13,DOLARES,CONTADO,Generada,3.773,3.78,965,1 DÍAS,0,1,ENTREGA SEGÚN STOCK,,0,1,0
C001-0964,Productos,2023-04-13,SOLES,CREDITO,Emitida,3.773,3.78,964,1 DÍAS,60 DÍAS,1,"PRODUCTOS EN STOCK DE 10 A 15 DIAS HABILES LA ENTREGA, PARA FABRICACION DE 15 A 20 DIAS HABILES",23-00615-SC,0,1,0
C001-0963,Productos,2023-04-13,DOLARES,CONTADO,Emitida,3.773,3.78,963,1 DÍAS,0,1,ENTREGA SEGÚN STOCK,,0,1,0
C001-0962,Productos,2023-04-12,DOLARES,CONTADO,Emitida,3.783,3.787,962,1 DÍAS,0,1,ENTREGA SEGÚN STOCK,,0,1,0
C001-0961,Productos,2023-04-12,DOLARES,CONTADO,Generada,3.783,3.787,961,1 DÍAS,0,1,ENTREGA SEGÚN STOCK,,0,1,0
C001-0960,Productos,2023-04-12,DOLARES,CONTADO,Emitida,3.783,3.787,960,1 DÍAS,0,1,ENTREGA SEGÚN STOCK,,0,1,0
C001-0959,Productos,2023-04-11,DOLARES,CONTADO,Generada,3.783,3.787,959,1 DÍAS,0,1,ENTREGA SEGUN STOCK,,0,1,0
C001-0958,Productos,2023-04-11,DOLARES,CONTADO,Emitida,3.773,3.781,958,1 DÍAS,0,1,ENTREGA SEGÚN STOCK,,0,1,0
C001-0957,Productos,2023-04-11,DOLARES,CONTADO,Emitida,3.773,3.781,957,1 DÍAS,0,1,ENTREGA SEGÚN STOCK,,0,1,0
C001-0956,Productos,2023-04-11,DOLARES,CONTADO,Generada,3.773,3.781,956,1 DÍAS,0,1,ENTREGA SEGÚN STOCK,,0,1,0
C001-0955,Productos,2023-04-10,DOLARES,CONTADO,Emitida,3.773,3.781,955,1 DÍAS,0,1,ENTREGA SEGUN STOCK,,0,1,0
C001-0954,Productos,2023-04-10,DOLARES,CONTADO,Generada,3.773,3.781,954,1 DÍAS,0,1,ENTREGA SEGÚN STOCK,,0,1,0
C001-0953,Productos,2023-04-10,SOLES,CONTADO,Generada,3.773,3.781,953,1 DÍAS,0,1,ENTREGA SEGÚN STOCK,,0,1,0
C001-0952,Productos,2023-04-10,SOLES,CONTADO,Emitida,3.773,3.781,952,1 DÍAS,0,1,ENTREGA SEGÚN STOCK,,0,1,0
C001-0951,Productos,2023-04-10,SOLES,CONTADO,Generada,3.773,3.781,951,1 DÍAS,0,1,ENTREGA SEGÚN STOCK,,0,1,0
C001-0950,Productos,2023-04-10,DOLARES,CONTADO,Emitida,3.769,3.774,950,1 DÍAS,0,1,ENTREGA SEGÚN STOCK,,0,1,0
C001-0949,Productos,2023-04-10,DOLARES,CONTADO,Emitida,3.769,3.774,949,1 DÍAS,0,1,ENTREGA SEGÚN STOCK,,0,1,0
C001-0948,Productos,2023-04-06,DOLARES,CONTADO,Emitida,3.769,3.774,948,7 DIAS,0,1,,,0,1,0
C001-0947,Productos,2023-04-05,DOLARES,CONTADO,Emitida,3.769,3.774,947,1 DÍAS,0,1,ENTREGA SEGÚN STOCK,,0,1,0
C001-0946,Productos,2023-04-05,DOLARES,CONTADO,Generada,3.769,3.773,946,1 DÍAS,0,1,ENTREGA SEGÚN STOCK,,0,1,0
C001-0945,Productos,2023-04-05,DOLARES,CONTADO,Emitida,3.769,3.773,945,1 DÍAS,0,1,ENTREGA SEGÚN STOCK,,0,1,0
C001-0944,Productos,2023-04-05,DOLARES,CONTADO,Emitida,3.769,3.773,944,1 DÍAS,0,1,ENTREGA SEGÚN STOCK,,0,1,0
C001-0943,Productos,2023-04-05,DOLARES,CONTADO,Emitida,3.769,3.773,943,1 DÍAS,0,1,ENTREGA SEGÚN STOCK,,0,1,0
C001-0942,Productos,2023-04-03,DOLARES,CONTADO,Generada,3.758,3.765,942,1 DÍAS,0,1,ENTREGA SEGÚN STOCK,,0,1,0
C001-0941,Productos,2023-04-03,DOLARES,CONTADO,Generada,3.758,3.765,941,1 DÍAS,0,1,ENTREGA SEGÚN STOCK,,0,1,0
C001-0940,Productos,2023-04-03,SOLES,CREDITO,Generada,3.758,3.765,940,1 DÍAS,60 DÍAS,1,"PRODUCTOS EN STOCK DE 10 A 15 DIAS HABILES LA ENTREGA, PARA FABRICACION DE 15 A 20 DIAS HABILES",,0,1,0
C001-0939,Productos,2023-04-03,DOLARES,CONTADO,Generada,3.758,3.765,939,1 DÍAS,0,1,ENTREGA SEGÚN STOCK,,0,1,0
C001-0938,Productos,2023-04-03,DOLARES,CONTADO,Generada,3.758,3.765,938,1 DÍAS,0,1,ENTREGA SEGÚN STOCK,,0,1,0
C001-0937,Productos,2023-04-03,DOLARES,CONTADO,Emitida,3.758,3.765,937,1 DÍAS,0,1,ENTREGA SEGÚN STOCK,,0,1,0
C001-0936,Productos,2023-04-03,DOLARES,CONTADO,Emitida,3.758,3.765,936,1 DÍAS,0,1,ENTREGA SEGÚN STOCK,,0,1,0
C001-0935,Productos,2023-04-01,DOLARES,CONTADO,Emitida,3.758,3.765,935,1 DÍAS,0,1,ENTREGA SEGÚN STOCK,,0,1,0
C001-0934,Productos,2023-04-01,DOLARES,CONTADO,Emitida,3.758,3.765,934,1 DÍAS,0,1,ENTREGA SEGÚN STOCK,,0,1,0
C001-0933,Productos,2023-04-01,DOLARES,CONTADO,Emitida,3.758,3.765,933,1 DÍAS,0,1,ENTREGA SEGÚN STOCK,,0,1,0
C001-0932,Productos,2023-03-31,DOLARES,CONTADO,Emitida,3.755,3.761,932,1 DÍAS,0,1,ENTREGA SEGÚN STOCK,,0,1,0
C001-0931,Productos,2023-03-31,DOLARES,CONTADO,Generada,3.755,3.761,931,1 DÍAS,0,1,ENTREGA SEGÚN STOCK,,0,1,0
C001-0930,Productos,2023-03-31,DOLARES,CONTADO,Emitida,3.755,3.761,930,1 DÍAS,0,1,ENTREGA SEGÚN STOCK,,0,1,0
C001-0929,Productos,2023-03-31,DOLARES,CONTADO,Emitida,3.755,3.761,929,1 DÍAS,0,1,ENTREGA SEGÚN STOCK,,0,1,0
C001-0928,Productos,2023-03-31,DOLARES,CONTADO,Emitida,3.755,3.761,928,1 DÍAS,0,1,ENTREGA SEGÚN STOCK,,0,1,0
C001-0927,Productos,2023-03-30,DOLARES,CONTADO,Emitida,3.755,3.759,927,1 DÍAS,0,1,ENTREGA SEGÚN STOCK,,0,1,0
C001-0926,Productos,2023-03-30,DOLARES,CONTADO,Emitida,3.755,3.759,926,1 DÍAS,0,1,ENTREGA SEGÚN STOCK,,0,1,0
C001-0925,Productos,2023-03-30,SOLES,CREDITO,Emitida,3.784,3.788,925,1 DÍAS,60 DÍAS,1,"PRODUCTOS EN STOCK DE 10 A 15 DIAS HABILES LA ENTREGA, PARA FABRICACION DE 15 A 20 DIAS HABILES",23-00404-SC,0,1,0
C001-0924,Productos,2023-03-30,DOLARES,CONTADO,Emitida,3.755,3.759,924,1 DÍAS,0,1,ENTREGA SEGÚN STOCK,,0,1,0
C001-0923,Productos,2023-03-30,DOLARES,CONTADO,Emitida,3.755,3.759,923,1 DÍAS,0,1,ENTREGA SEGÚN STOCK,,0,1,0
C001-0922,Productos,2023-03-30,SOLES,CREDITO,Generada,3.755,3.759,922,1 DÍAS,60 DÍAS,1,"PRODUCTOS EN STOCK DE 10 A 15 DIAS HABILES LA ENTREGA, PARA FABRICACION DE 15 A 20 DIAS HABILES",,0,1,0
C001-0921,Productos,2023-03-30,DOLARES,CONTADO,Generada,3.755,3.759,921,7 DIAS,0,1,,,0,1,0
C001-0920,Productos,2023-03-30,DOLARES,CONTADO,Emitida,3.755,3.759,920,1 DÍAS,0,1,ENTREGA SEGÚN STOCK,,0,1,0
C001-0919,Productos,2023-03-29,DOLARES,CONTADO,Generada,3.763,3.768,919,1 DÍAS,0,1,ENTREGA SEGÚN STOCK,,0,1,0
C001-0918,Productos,2023-03-29,DOLARES,CONTADO,Emitida,3.763,3.768,918,1 DÍAS,0,1,ENTREGA SEGÚN STOCK,,0,1,0
C001-0917,Productos,2023-03-29,DOLARES,CREDITO,Emitida,3.763,3.768,917,1 DÍAS,45 DÍAS,1,VALENTINA-PM-CARENA GENERAL DE CASCO,4500739354,0,1,0
C001-0916,Productos,2023-03-29,DOLARES,CONTADO,Emitida,3.763,3.768,916,1 DÍAS,0,1,ENTREGA SEGÚN STOCK,,0,1,0
C001-0915,Productos,2023-03-29,DOLARES,CONTADO,Emitida,3.763,3.768,915,1 DÍAS,0,1,ENTREGA SEGÚN STOCK,,0,1,0
C001-0914,Productos,2023-03-29,DOLARES,CONTADO,Emitida,3.763,3.768,914,1 DÍAS,0,1,ENTREGA SEGÚN STOCK,,0,1,0
C001-0913,Productos,2023-03-29,DOLARES,CONTADO,Emitida,3.763,3.768,913,1 DÍAS,0,1,ENTREGA SEGÚN STOCK,,0,1,0
C001-0912,Productos,2023-03-28,SOLES,CREDITO,Emitida,3.765,3.772,912,1 DÍAS,15 DÍAS,1,ENTREGA SEGÚN STOCK,,0,1,0
C001-0911,Productos,2023-03-28,DOLARES,CONTADO,Generada,3.765,3.772,911,1 DÍAS,0,1,ENTREGA SEGÚN STOCK,,0,1,0
C001-0910,Productos,2023-03-28,DOLARES,CONTADO,Emitida,3.763,3.768,910,1 DÍAS,0,1,ENTREGA SEGÚN STOCK,,0,1,0
C001-0909,Productos,2023-03-28,DOLARES,CONTADO,Generada,3.765,3.772,909,1 DÍAS,0,1,ENTREGA SEGÚN STOCK,,0,1,0
C001-0908,Productos,2023-03-28,DOLARES,CONTADO,Emitida,3.765,3.772,908,1 DÍAS,0,1,ENTREGA SEGÚN STOCK,,0,1,0
C001-0907,Productos,2023-03-28,DOLARES,CREDITO,Emitida,3.765,3.772,907,1 DÍAS,45 DÍAS,1,ENTREGA SEGÚN STOCK,,0,1,0
C001-0906,Productos,2023-03-28,DOLARES,CONTADO,Emitida,3.765,3.772,906,1 DÍAS,0,1,ENTREGA SEGÚN STOCK,,0,1,0
C001-0905,Productos,2023-03-28,DOLARES,CONTADO,Generada,3.765,3.772,905,1 DÍAS,0,1,ENTREGA SEGÚN STOCK,,0,1,0
C001-0904,Productos,2023-03-28,DOLARES,CONTADO,Emitida,3.765,3.772,904,1 DÍAS,0,1,ENTREGA SEGÚN STOCK,,0,1,0
C001-0903,Productos,2023-03-28,DOLARES,CONTADO,Emitida,3.765,3.772,903,1 DÍAS,0,1,ENTREGA SEGÚN STOCK,,0,1,0
C001-0902,Productos,2023-03-28,DOLARES,CONTADO,Emitida,3.765,3.772,902,1 DÍAS,0,1,ENTREGA SEGÚN STOCK,,0,1,0
C001-0901,Productos,2023-03-27,DOLARES,CONTADO,Generada,3.764,3.773,901,1 DÍAS,0,1,ENTREGA SEGÚN STOCK,,0,1,0
C001-0900,Productos,2023-03-27,DOLARES,CONTADO,Emitida,3.763,3.768,900,1 DÍAS,0,1,ENTREGA SEGÚN STOCK,,0,1,0
C001-0899,Productos,2023-03-27,DOLARES,CREDITO,Emitida,3.764,3.773,899,1 DÍAS,45 DÍAS,1,ENTREGA SEGÚN STOCK,2023-11/03,0,1,0
C001-0898,Productos,2023-03-27,SOLES,CONTADO,Generada,3.764,3.773,898,1 DÍAS,0,1,ENTREGA SEGÚN STOCK,,0,1,0
C001-0897,Productos,2023-03-27,DOLARES,CONTADO,Emitida,3.764,3.773,897,1 DÍAS,0,1,ENTREGA SEGÚN STOCK,,0,1,0
C001-0896,Productos,2023-03-27,SOLES,CREDITO,Emitida,3.764,3.773,896,1 DÍAS,30 DÍAS,1,ENTREGA SEGÚN STOCK,,0,1,0
C001-0895,Productos,2023-03-27,DOLARES,CONTADO,Emitida,3.764,3.773,895,1 DÍAS,0,1,ENTREGA SEGÚN STOCK,,0,1,0
C001-0894,Productos,2023-03-27,DOLARES,CONTADO,Emitida,3.764,3.773,894,1 DÍAS,0,1,ENTREGA SEGÚN STOCK,,0,1,0
C001-0893,Productos,2023-03-27,DOLARES,CONTADO,Emitida,3.764,3.773,893,1 DÍAS,0,1,ENTREGA SEGÚN STOCK,,0,1,0
C001-0892,Productos,2023-03-25,DOLARES,CONTADO,Emitida,3.764,3.773,892,1 DÍAS,0,1,ENTREGA SEGÚN STOCK,,0,1,0
C001-0891,Productos,2023-03-25,DOLARES,CONTADO,Emitida,3.764,3.773,891,1 DÍAS,0,1,ENTREGA SEGÚN STOCK,,0,1,0
C001-0890,Productos,2023-03-25,DOLARES,CONTADO,Generada,3.764,3.773,890,1 DÍAS,0,1,ENTREGA SEGÚN STOCK,,0,1,0
C001-0889,Productos,2023-03-25,DOLARES,CONTADO,Emitida,3.764,3.773,889,1 DÍAS,0,1,ENTREGA SEGÚN STOCK,,0,1,0
C001-0888,Productos,2023-03-25,DOLARES,CONTADO,Emitida,3.764,3.773,888,1 DÍAS,0,1,ENTREGA SEGÚN STOCK,,0,1,0
C001-0887,Productos,2023-03-24,SOLES,CREDITO,Generada,3.764,3.773,887,1 DÍAS,60 DÍAS,1,"PRODUCTOS EN STOCK DE 10 A 15 DIAS HABILES LA ENTREGA, PARA FABRICACION DE 15 A 20 DIAS HABILES",,0,1,0
C001-0886,Productos,2023-03-24,DOLARES,CONTADO,Emitida,3.762,3.767,886,1 DÍAS,0,1,ENTREGA SEGÚN STOCK,,0,1,0
C001-0885,Productos,2023-03-24,DOLARES,CONTADO,Emitida,3.762,3.767,885,1 DÍAS,0,1,ENTREGA SEGÚN STOCK,,0,1,0
C001-0884,Productos,2023-03-24,DOLARES,CONTADO,Emitida,3.762,3.767,884,1 DÍAS,0,1,ENTREGA SEGÚN STOCK,,0,1,0
C001-0883,Productos,2023-03-24,SOLES,CREDITO,Generada,3.762,3.767,883,1 DÍAS,60 DÍAS,1,"PRODUCTOS EN STOCK DE 10 A 15 DIAS HABILES LA ENTREGA, PARA FABRICACION DE 15 A 20 DIAS HABILES",,0,1,0
C001-0882,Productos,2023-03-24,DOLARES,CONTADO,Emitida,3.762,3.767,882,1 DÍAS,0,1,ENTREGA SEGÚN STOCK,,0,1,0
C001-0881,Productos,2023-03-24,DOLARES,CONTADO,Emitida,3.762,3.767,881,1 DÍAS,0,1,ENTREGA SEGÚN STOCK,,0,1,0
C001-0880,Productos,2023-03-24,DOLARES,CONTADO,Generada,3.762,3.767,880,1 DÍAS,0,1,ENTREGA SEGÚN STOCK,,0,1,0
C001-0879,Productos,2023-03-24,DOLARES,CONTADO,Emitida,3.762,3.767,879,1 DÍAS,0,1,ENTREGA SEGÚN STOCK,,0,1,0
C001-0878,Productos,2023-03-23,SOLES,CREDITO,Generada,3.767,3.774,878,1 DÍAS,60 DÍAS,1,"PRODUCTOS EN STOCK DE 10 A 15 DIAS HABILES LA ENTREGA, PARA FABRICACION DE 15 A 20 DIAS HABILES",,0,1,0
C001-0877,Productos,2023-03-23,DOLARES,CONTADO,Emitida,3.767,3.774,877,1 DÍAS,0,1,ENTREGA SEGÚN STOCK,,0,1,0
C001-0876,Productos,2023-03-23,DOLARES,CONTADO,Emitida,3.767,3.774,876,1 DÍAS,0,1,ENTREGA SEGÚN STOCK,,0,1,0
C001-0875,Productos,2023-03-23,DOLARES,CONTADO,Emitida,3.767,3.774,875,1 DÍAS,0,1,ENTREGA SEGÚN STOCK,,0,1,0
C001-0874,Productos,2023-03-22,SOLES,CREDITO,Emitida,3.765,3.77,874,1 DÍAS,60 DÍAS,1,"PRODUCTOS EN STOCK DE 10 A 15 DIAS HABILES LA ENTREGA, PARA FABRICACION DE 15 A 20 DIAS HABILES",23-00461-SC,0,1,0
C001-0873,Productos,2023-03-22,DOLARES,CONTADO,Generada,3.765,3.77,873,1 DÍAS,0,1,ENTREGA SEGÚN STOCK,,0,1,0
C001-0872,Productos,2023-03-22,DOLARES,CONTADO,Emitida,3.765,3.77,872,1 DÍAS,0,1,ENTREGA SEGÚN STOCK,,0,1,0
C001-0871,Productos,2023-03-21,DOLARES,CONTADO,Emitida,3.779,3.785,871,1 DÍAS,0,1,ENTREGA SEGÚN STOCK,,0,1,0
C001-0870,Productos,2023-03-21,DOLARES,CONTADO,Generada,3.779,3.785,870,1 DÍAS,0,1,ENTREGA SEGÚN STOCK,,0,1,0
C001-0869,Productos,2023-03-21,DOLARES,CONTADO,Generada,3.779,3.785,869,1 DÍAS,0,1,ENTREGA SEGÚN STOCK,,0,1,0
C001-0868,Productos,2023-03-21,DOLARES,CONTADO,Generada,3.779,3.785,868,1 DÍAS,0,1,ENTREGA SEGÚN STOCK,,0,1,0
C001-0867,Productos,2023-03-18,DOLARES,CONTADO,Emitida,3.792,3.798,867,1 DÍAS,0,1,ENTREGA SEGÚN STOCK,,0,1,0
C001-0866,Productos,2023-03-18,DOLARES,CONTADO,Generada,3.792,3.798,866,1 DÍAS,0,1,ENTREGA SEGÚN STOCK,,0,1,0
C001-0865,Productos,2023-03-18,DOLARES,CONTADO,Emitida,3.792,3.798,865,1 DÍAS,0,1,ENTREGA SEGÚN STOCK,,0,1,0
C001-0864,Productos,2023-03-17,DOLARES,CONTADO,Generada,3.796,3.801,864,1 DÍAS,0,1,ENTREGA SEGÚN STOCK,,0,1,0
C001-0863,Productos,2023-03-17,DOLARES,CONTADO,Emitida,3.796,3.801,863,1 DÍAS,0,1,ENTREGA SEGÚN STOCK,,0,1,0
C001-0862,Productos,2023-03-17,DOLARES,CONTADO,Generada,3.796,3.801,862,1 DÍAS,0,1,ENTREGA SEGÚN STOCK,,0,1,0
C001-0861,Productos,2023-03-17,SOLES,CONTADO,Generada,3.796,3.801,861,7 DIAS,0,1,,,0,1,0
C001-0860,Productos,2023-03-17,SOLES,CONTADO,Generada,3.796,3.801,860,7 DIAS,0,1,,,0,1,0
C001-0859,Productos,2023-03-17,DOLARES,CONTADO,Emitida,3.796,3.801,859,7 DIAS,0,1,,,0,1,0
C001-0858,Productos,2023-03-16,DOLARES,CONTADO,Generada,3.796,3.801,858,1 DÍAS,0,1,ENTREGA SEGÚN STOCK,,0,1,0
C001-0857,Productos,2023-03-16,DOLARES,CONTADO,Emitida,3.804,3.808,857,1 DÍAS,0,1,ENTREGA SEGÚN STOCK,,0,1,0
C001-0856,Productos,2023-03-16,SOLES,CONTADO,Generada,3.804,3.808,856,1 DÍAS,0,1,ENTREGA SEGÚN STOCK,,0,1,0
C001-0855,Productos,2023-03-16,DOLARES,CONTADO,Generada,3.804,3.808,855,1 DÍAS,0,1,ENTREGA SEGÚN STOCK,,0,1,0
C001-0854,Productos,2023-03-16,DOLARES,CONTADO,Generada,3.804,3.808,854,1 DÍAS,0,1,ENTREGA SEGÚN STOCK,,0,1,0
C001-0853,Productos,2023-03-16,DOLARES,CONTADO,Generada,3.804,3.808,853,1 DÍAS,0,1,ENTREGA SEGÚN STOCK,,0,1,0
C001-0852,Productos,2023-03-16,DOLARES,CONTADO,Generada,3.804,3.808,852,1 DÍAS,0,1,ENTREGA SEGÚN STOCK,,0,1,0
C001-0851,Productos,2023-03-16,DOLARES,CONTADO,Emitida,3.804,3.808,851,1 DÍAS,0,1,ENTREGA SEGÚN STOCK,,0,1,0
C001-0850,Productos,2023-03-15,DOLARES,CONTADO,Generada,3.804,3.808,850,7 DIAS,0,1,,,0,1,0
C001-0849,Productos,2023-03-15,DOLARES,CONTADO,Generada,3.785,3.789,849,7 DIAS,0,1,,,0,1,0
C001-0848,Productos,2023-03-15,DOLARES,CONTADO,Emitida,3.785,3.789,848,7 DIAS,0,1,ENTREGA SEGÚN STOCK,,0,1,0
C001-0847,Productos,2023-03-15,DOLARES,CONTADO,Generada,3.785,3.789,847,1 DÍAS,0,1,ENTREGA SEGÚN STOCK,,0,1,0
C001-0846,Productos,2023-03-15,DOLARES,CREDITO,Emitida,3.781,3.786,846,1 DÍAS,45 DÍAS,1,ENTREGA SEGÚN STOCK,4500737536,0,1,0
C001-0845,Productos,2023-03-15,DOLARES,CREDITO,Emitida,3.781,3.786,845,1 DÍAS,45 DÍAS,1,ENTREGA SEGÚN STOCK,4500737536,0,1,0
C001-0844,Productos,2023-03-15,DOLARES,CONTADO,Generada,3.785,3.789,844,7 DIAS,0,1,,,0,1,0
C001-0843,Productos,2023-03-14,DOLARES,CONTADO,Generada,3.798,3.803,843,7 DIAS,0,1,,,0,1,0
C001-0842,Productos,2023-03-14,DOLARES,CONTADO,Generada,3.798,3.803,842,7 DIAS,0,1,,,0,1,0
C001-0841,Productos,2023-03-13,DOLARES,CONTADO,Emitida,3.781,3.786,841,1 DÍAS,0,1,ENTREGA SEGÚN STOCK,,0,1,0
C001-0840,Productos,2023-03-13,DOLARES,CONTADO,Emitida,3.781,3.786,840,1 DÍAS,0,1,ENTREGA SEGÚN STOCK,,0,1,0
C001-0839,Productos,2023-03-13,DOLARES,CONTADO,Emitida,3.781,3.786,839,1 DÍAS,0,1,ENTREGA SEGÚN STOCK,,0,1,0
C001-0838,Productos,2023-03-13,DOLARES,CONTADO,Emitida,3.781,3.786,838,1 DÍAS,0,1,ENTREGA SEGÚN STOCK,,0,1,0
C001-0837,Productos,2023-03-13,DOLARES,CONTADO,Emitida,3.781,3.786,837,1 DÍAS,0,1,ENTREGA SEGÚN STOCK,,0,1,0
C001-0836,Productos,2023-03-13,DOLARES,CONTADO,Emitida,3.781,3.786,836,1 DÍAS,0,1,ENTREGA SEGÚN STOCK,,0,1,0
C001-0835,Productos,2023-03-13,DOLARES,CONTADO,Generada,3.781,3.786,835,1 DÍAS,0,1,ENTREGA SEGÚN STOCK,,0,1,0
C001-0834,Productos,2023-03-11,DOLARES,CONTADO,Emitida,3.781,3.786,834,1 DÍAS,0,1,ENTREGA SEGÚN STOCK,,0,1,0
C001-0833,Productos,2023-03-10,DOLARES,CONTADO,Generada,3.788,3.792,833,7 DIAS,0,1,,,0,1,0
C001-0832,Productos,2023-03-10,DOLARES,CONTADO,Generada,3.788,3.792,832,7 DIAS,0,1,,,0,1,0
C001-0831,Productos,2023-03-10,DOLARES,CONTADO,Generada,3.788,3.792,831,7 DÍAS,0,1,,,0,1,0
C001-0830,Productos,2023-03-09,DOLARES,CONTADO,Generada,3.784,3.788,830,1 DÍAS,0,1,E/P TANIA MICAELA,,0,1,0
C001-0829,Productos,2023-03-09,DOLARES,CONTADO,Generada,3.784,3.788,829,1 DÍAS,0,1,E/P ENRIQUE III,,0,1,0
C001-0828,Productos,2023-03-09,SOLES,CREDITO,Generada,3.784,3.788,828,1 DÍAS,60 DÍAS,1,"PRODUCTOS EN STOCK DE 10 A 15 DIAS HABILES LA ENTREGA, PARA FABRICACION DE 15 A 20 DIAS HABILES",,0,1,0
C001-0827,Productos,2023-03-09,SOLES,CREDITO,Emitida,3.784,3.788,827,1 DÍAS,60 DÍAS,1,"PRODUCTOS EN STOCK DE 10 A 15 DIAS HABILES LA ENTREGA, PARA FABRICACION DE 15 A 20 DIAS HABILES",23-00404-SC,0,1,0
C001-0826,Productos,2023-03-09,DOLARES,CONTADO,Emitida,3.784,3.788,826,1 DÍAS,0,1,ENTREGA SEGÚN STOCK,,0,1,0
C001-0825,Productos,2023-03-08,DOLARES,CONTADO,Emitida,3.784,3.789,825,1 DÍAS,0,1,ENTREGA SEGÚN STOCK,,0,1,0
C001-0824,Productos,2023-03-08,DOLARES,CONTADO,Emitida,3.784,3.789,824,1 DÍAS,0,1,ENTREGA SEGÚN STOCK,,0,1,0
C001-0823,Productos,2023-03-08,DOLARES,CONTADO,Emitida,3.784,3.789,823,1 DÍAS,0,1,ENTREGA SEGÚN STOCK,,0,1,0
C001-0822,Productos,2023-03-08,DOLARES,CONTADO,Emitida,3.784,3.789,822,1 DÍAS,0,1,ENTREGA SEGÚN STOCK,,0,1,0
C001-0821,Productos,2023-03-08,DOLARES,CONTADO,Generada,3.784,3.789,821,1 DÍAS,0,1,ENTREGA SEGÚN STOCK,,0,1,0
C001-0820,Productos,2023-03-07,DOLARES,CONTADO,Generada,3.784,3.788,820,1 DÍAS,0,1,ENTREGA SEGÚN STOCK,,0,1,0
C001-0819,Productos,2023-03-07,DOLARES,CONTADO,Emitida,3.784,3.788,819,1 DÍAS,0,1,ENTREGA SEGÚN STOCK,,0,1,0
C001-0818,Productos,2023-03-07,DOLARES,CONTADO,Emitida,3.784,3.788,818,1 DÍAS,0,1,ENTREGA SEGÚN STOCK,,0,1,0
C001-0817,Productos,2023-03-07,DOLARES,CONTADO,Generada,3.784,3.788,817,1 DÍAS,0,1,ENTREGA SEGÚN STOCK,,0,1,0
C001-0816,Productos,2023-03-07,DOLARES,CONTADO,Generada,3.784,3.788,816,1 DÍAS,0,1,ENTREGA SEGÚN STOCK,,0,1,0
C001-0815,Productos,2023-03-06,DOLARES,CONTADO,Emitida,3.782,3.789,815,1 DÍAS,0,1,ENTREGA SEGÚN STOCK,,0,1,0
C001-0814,Productos,2023-03-04,SOLES,CONTADO,Emitida,3.782,3.789,814,7 DÍAS,0,1,,,0,1,0
C001-0813,Productos,2023-03-04,DOLARES,CONTADO,Emitida,3.782,3.789,813,1 DÍAS,0,1,ENTREGA SEGÚN STOCK,,0,1,0
C001-0812,Productos,2023-03-04,DOLARES,CONTADO,Emitida,3.782,3.789,812,1 DÍAS,0,1,ENTREGA SEGÚN STOCK,,0,1,0
C001-0811,Productos,2023-03-04,SOLES,CREDITO,Emitida,3.824,3.829,811,1 DÍAS,60 DÍAS,1,"PRODUCTOS EN STOCK DE 7 A 10 DIAS HABILES LA ENTREGA, PARA FABRICACION DE 10 A 15 DIAS HABILES",23-00190-SC,0,1,0
C001-0810,Productos,2023-03-04,SOLES,CREDITO,Emitida,3.824,3.829,810,1 DÍAS,60 DÍAS,1,"PRODUCTOS EN STOCK DE 7 A 10 DIAS HABILES LA ENTREGA, PARA FABRICACION DE 10 A 15 DIAS HABILES",23-00190-SC,0,1,0
C001-0809,Productos,2023-03-04,SOLES,CREDITO,Emitida,3.863,3.869,809,1 DÍAS,60 DÍAS,1,"LOS PRODUCTOS QUE HAY EN STOCK ENTREGA DE 7 A 10 DÍAS HÁBILES, Y LOS QUE ESTÁN PARA FABRICACIÓN DE 10 A 15 DÍAS HÁBILES ",23-00223-SC,0,1,0
C001-0808,Productos,2023-03-04,SOLES,CREDITO,Emitida,3.862,3.868,808,1 DÍAS,60 DÍAS,1,"PRODUCTOS EN STOCK ENTREGA DE 7 A 10 DIAS HABILES, PARA FABRICACION DE 15 A 20 DIAS HABILES",23-00276-SC,0,1,0
C001-0807,Productos,2023-03-04,DOLARES,CONTADO,Emitida,3.782,3.789,807,1 DÍAS,0,1,ENTREGA SEGÚN STOCK,,0,1,0
C001-0806,Productos,2023-03-04,DOLARES,CONTADO,Generada,3.782,3.789,806,1 DÍAS,0,1,ENTREGA SEGÚN STOCK,,0,1,0
C001-0805,Servicios,2023-03-03,SOLES,CONTADO,Emitida,3.779,3.784,805,1 DÍAS,0,1,FLUSHING DE ENFRIADOR DE PLACAS DE MOTOR PRINCIPAL GENERAL ELECTRIC ( E/P NORMA ),70056090,0,1,0
C001-0804,Productos,2023-03-03,DOLARES,CONTADO,Emitida,3.779,3.784,804,1 DÍAS,0,1,ENTREGA SEGÚN STOCK,,0,1,0
C001-0803,Productos,2023-03-03,DOLARES,CONTADO,Generada,3.779,3.784,803,0,0,1,ENTREGA SEGÚN STOCK,,0,1,0
C001-0802,Productos,2023-03-03,DOLARES,CONTADO,Emitida,3.779,3.784,802,1 DÍAS,0,1,ENTREGA SEGÚN STOCK,,0,1,0
C001-0801,Productos,2023-03-03,DOLARES,CONTADO,Emitida,3.779,3.784,801,1 DÍAS,0,1,ENTREGA SEGÚN STOCK,,0,1,0
C001-0800,Productos,2023-03-03,DOLARES,CONTADO,Emitida,3.779,3.784,800,1 DÍAS,0,1,ENTREGA SEGÚN STOCK,,0,1,0
C001-0799,Productos,2023-03-02,DOLARES,CONTADO,Emitida,3.811,3.816,799,1 DÍAS,0,1,ENTREGA SEGÚN STOCK,,0,1,0
C001-0798,Productos,2023-03-02,DOLARES,CONTADO,Generada,3.779,3.784,798,7 DIAS,0,1,,,0,1,0
C001-0797,Productos,2023-03-02,DOLARES,CONTADO,Generada,3.779,3.784,797,7 DIAS,0,1,,,0,1,0
C001-0796,Productos,2023-03-02,DOLARES,CONTADO,Generada,3.779,3.784,796,7 DIAS,0,1,,,0,1,0
C001-0795,Productos,2023-03-02,DOLARES,CONTADO,Generada,3.779,3.784,795,7 DIAS,0,1,,,0,1,0
C001-0794,Productos,2023-03-02,DOLARES,CONTADO,Emitida,3.779,3.784,794,1 DÍAS,0,1,ENTREGA SEGÚN STOCK,,0,1,0
C001-0793,Productos,2023-03-02,DOLARES,CONTADO,Generada,3.779,3.784,793,1 DÍAS,0,1,ENTREGA SEGÚN STOCK,,0,1,0
C001-0792,Productos,2023-03-02,DOLARES,CONTADO,Generada,3.779,3.784,792,1 DÍAS,0,1,ENTREGA SEGÚN STOCK,,0,1,0
C001-0791,Productos,2023-03-01,DOLARES,CONTADO,Emitida,3.803,3.81,791,1 DÍAS,0,1,ENTREGA SEGÚN STOCK,,0,1,0
C001-0790,Productos,2023-03-01,DOLARES,CONTADO,Generada,3.803,3.81,790,1 DÍAS,0,1,ENTREGA SEGÚN STOCK,,0,1,0
C001-0789,Productos,2023-02-28,DOLARES,CONTADO,Emitida,3.811,3.816,789,1 DÍAS,0,1,ENTREGA SEGÚN STOCK,,0,1,0
C001-0788,Productos,2023-02-28,DOLARES,CONTADO,Emitida,3.811,3.816,788,1 DÍAS,0,1,ENTREGA SEGÚN STOCK,,0,1,0
C001-0787,Productos,2023-02-28,SOLES,CREDITO,Emitida,3.811,3.816,787,1 DÍAS,30 DÍAS,1,ENTREGA SEGÚN STOCK,,0,1,0
C001-0786,Productos,2023-02-28,DOLARES,CREDITO,Emitida,3.811,3.816,786,1 DÍAS,45 DÍAS,1,ENTREGA SEGÚN STOCK,4500736074,0,1,0
C001-0785,Productos,2023-02-28,DOLARES,CONTADO,Emitida,3.811,3.816,785,1 DÍAS,0,1,ENTREGA SEGÚN STOCK,,0,1,0
C001-0784,Productos,2023-02-28,DOLARES,CONTADO,Emitida,3.811,3.816,784,1 DÍAS,0,1,ENTREGA SEGÚN STOCK,,0,1,0
C001-0783,Productos,2023-02-28,DOLARES,CONTADO,Generada,3.811,3.816,783,1 DÍAS,0,1,ENTREGA SEGÚN STOCK,,0,1,0
C001-0782,Productos,2023-02-28,DOLARES,CONTADO,Emitida,3.811,3.816,782,1 DÍAS,0,1,ENTREGA SEGÚN STOCK,,0,1,0
C001-0781,Productos,2023-02-28,DOLARES,CONTADO,Emitida,3.811,3.816,781,1 DÍAS,0,1,ENTREGA SEGÚN STOCK,,0,1,0
C001-0780,Productos,2023-02-27,DOLARES,CONTADO,Emitida,3.81,3.82,780,1 DÍAS,0,1,ENTREGA SEGÚN STOCK,,0,1,0
C001-0779,Productos,2023-02-27,DOLARES,CONTADO,Generada,3.81,3.82,779,1 DÍAS,0,1,ENTREGA SEGÚN STOCK,,0,1,0
C001-0778,Productos,2023-02-27,DOLARES,CONTADO,Emitida,3.81,3.82,778,1 DÍAS,0,1,ENTREGA SEGÚN STOCK,,0,1,0
C001-0777,Productos,2023-02-27,DOLARES,CONTADO,Generada,3.81,3.82,777,1 DÍAS,0,1,ENTREGA SEGÚN STOCK,,0,1,0
C001-0776,Productos,2023-02-27,DOLARES,CONTADO,Emitida,3.81,3.82,776,7 DÍAS,0,1,,,0,1,0
C001-0775,Productos,2023-02-25,DOLARES,CONTADO,Generada,3.81,3.82,775,1 DÍAS,0,1,ENTREGA SEGÚN STOCK,,0,1,0
C001-0774,Productos,2023-02-25,DOLARES,CREDITO,Emitida,3.81,3.82,774,1 DÍAS,60 DÍAS,1,ENTREGA DE 7 A 10 DÍAS HÁBILES,23-00296-SC,0,1,0
C001-0773,Productos,2023-02-24,DOLARES,CONTADO,Emitida,3.8,3.805,773,1 DÍAS,0,1,ENTREGA SEGÚN STOCK,,0,1,0
C001-0772,Productos,2023-02-24,DOLARES,CONTADO,Emitida,3.8,3.805,772,1 DÍAS,0,1,ENTREGA SEGÚN STOCK,,0,1,0
C001-0771,Productos,2023-02-24,DOLARES,CONTADO,Generada,3.8,3.805,771,7 DIAS,0,1,,,0,1,0
C001-0770,Productos,2023-02-23,DOLARES,CONTADO,Emitida,3.8,3.805,770,7 DIAS,0,1,,,0,1,0
C001-0769,Productos,2023-02-23,DOLARES,CONTADO,Generada,3.8,3.805,769,7 DÍAS,0,1,,,0,1,0
C001-0768,Productos,2023-02-23,DOLARES,CONTADO,Emitida,3.821,3.827,768,1 DÍAS,0,1,ENTREGA SEGÚN STOCK,,0,1,0
C001-0767,Productos,2023-02-23,DOLARES,CONTADO,Generada,3.821,3.827,767,1 DÍAS,0,1,ENTREGA SEGÚN STOCK,,0,1,0
C001-0766,Productos,2023-02-23,DOLARES,CONTADO,Generada,3.821,3.827,766,1 DÍAS,0,1,E/P ENRIQUE,,0,1,0
C001-0765,Productos,2023-02-23,DOLARES,CONTADO,Emitida,3.821,3.827,765,1 DÍAS,0,1,ENTREGA SEGÚN STOCK,,0,1,0
C001-0764,Servicios,2023-02-22,SOLES,CONTADO,Emitida,3.821,3.827,764,1 DÍAS,0,1,FLUSHING DE SISTEMA DE ENFRIAMIENTO ( E/P MALENA ),OS: 70055493,0,1,0
C001-0763,Servicios,2023-02-22,SOLES,CONTADO,Emitida,3.821,3.827,763,1 DÍAS,0,1,PINTADO DE ZONAS PUNTUALES ( E/P MALENA ),OS: 70055178,0,1,0
C001-0762,Productos,2023-02-22,DOLARES,CONTADO,Emitida,3.831,3.836,762,1 DIA,0,1,ENTREGA SEGÚN STOCK,,0,1,0
C001-0761,Productos,2023-02-22,DOLARES,CONTADO,Generada,3.831,3.836,761,1 DÍAS,0,1,ENTREGA SEGÚN STOCK,,0,1,0
C001-0760,Productos,2023-02-22,DOLARES,CREDITO,Emitida,3.831,3.836,760,1 DÍAS,45 DÍAS,1,ENTREGA SEGÚN STOCK,2023-01/04,0,1,0
C001-0759,Productos,2023-02-22,DOLARES,CREDITO,Emitida,3.831,3.836,759,1 DÍAS,45 DÍAS,1,ENTREGA SEGÚN STOCK,2023-01/03,0,1,0
C001-0758,Productos,2023-02-22,DOLARES,CREDITO,Generada,3.831,3.836,758,1 DÍAS,45 DÍAS,1,ENTREGA SEGÚN STOCK,,0,1,0
C001-0757,Productos,2023-02-22,DOLARES,CONTADO,Generada,3.831,3.836,757,1 DÍAS,0,1,ENTREGA SEGÚN STOCK,,0,1,0
C001-0756,Productos,2023-02-22,DOLARES,CONTADO,Emitida,3.831,3.836,756,1 DÍAS,0,1,ENTREGA SEGÚN STOCK,,0,1,0
C001-0755,Productos,2023-02-22,DOLARES,CREDITO,Generada,3.831,3.836,755,7 DIAS,30 DÍAS,1,,,0,1,0
C001-0754,Productos,2023-02-22,DOLARES,CONTADO,Generada,3.831,3.836,754,1 DÍAS,0,1,ENTREGA SEGÚN STOCK,,0,1,0
C001-0753,Productos,2023-02-21,DOLARES,CONTADO,Generada,3.84,3.85,753,1 DÍAS,0,1,ENTREGA SEGÚN STOCK,,0,1,0
C001-0752,Productos,2023-02-21,DOLARES,CONTADO,Emitida,3.84,3.85,752,1 DÍAS,0,1,ENTREGA SEGÚN STOCK,,0,1,0
C001-0751,Productos,2023-02-21,DOLARES,CONTADO,Generada,3.84,3.85,751,7 DIAS,0,1,,,0,1,0
C001-0750,Productos,2023-02-21,DOLARES,CONTADO,Generada,3.84,3.85,750,7 DÍAS,0,1,,,0,1,0
C001-0749,Productos,2023-02-20,DOLARES,CONTADO,Emitida,3.839,3.849,749,1 DÍAS,0,1,ENTREGA SEGÚN STOCK,,0,1,0
C001-0748,Productos,2023-02-20,DOLARES,CONTADO,Emitida,3.839,3.849,748,1 DÍAS,0,1,ENTREGA SEGÚN STOCK,,0,1,0
C001-0747,Productos,2023-02-20,DOLARES,CONTADO,Emitida,3.839,3.849,747,1 DÍAS,0,1,ENTREGA SEGÚN STOCK,,0,1,0
C001-0746,Productos,2023-02-20,DOLARES,CONTADO,Emitida,3.839,3.849,746,1 DÍAS,0,1,ENTREGA SEGÚN STOCK,,0,1,0
C001-0745,Productos,2023-02-20,DOLARES,CREDITO,Emitida,3.824,3.829,745,1 DÍAS,60 DÍAS,1,"LOS PRODUCTOS QUE HAY EN STOCK ENTREGA DE 7 A 10 DÍAS HÁBILES, Y LOS DE ESTÁN PARA FABRICACIÓN DE 10 A 15 DÍAS HÁBILES",OC : 23-00190-SC,0,1,0
C001-0744,Productos,2023-02-20,DOLARES,CONTADO,Emitida,3.839,3.849,744,1 DÍAS,0,1,ENTREGA SEGÚN STOCK,,0,1,0
C001-0743,Productos,2023-02-18,DOLARES,CONTADO,Generada,3.839,3.849,743,7 DÍAS,0,1,,,0,1,0
C001-0742,Productos,2023-02-18,DOLARES,CONTADO,Generada,3.839,3.849,742,7 DIAS,0,1,,,0,1,0
C001-0741,Productos,2023-02-18,DOLARES,CREDITO,Emitida,3.863,3.869,741,1 DÍAS,60 DÍAS,1,"LOS PRODUCTOS QUE HAY EN STOCK ENTREGA DE 7 A 10 DÍAS HÁBILES, Y LOS QUE ESTÁN PARA FABRICACIÓN DE 10 A 15 DÍAS HÁBILES ",OC: 23-00223-SC,1,1,0
C001-0740,Productos,2023-02-18,DOLARES,CREDITO,Emitida,3.824,3.829,740,1 DÍAS,60 DÍAS,1,"LOS PRODUCTOS QUE HAY EN STOCK ENTREGA DE 7 A 10 DÍAS HÁBILES, Y LOS QUE ESTÁN PARA FABRICACIÓN DE 10 A 15 DÍAS HÁBILES ",OC: 23-00190-SC,0,1,0
C001-0739,Productos,2023-02-18,DOLARES,CREDITO,Emitida,3.863,3.869,739,1 DÍAS,60 DÍAS,1,"LOS PRODUCTOS QUE HAY EN STOCK ENTREGA DE 7 A 10 DÍAS HÁBILES, Y LOS QUE ESTÁN PARA FABRICACIÓN DE 10 A 15 DÍAS HÁBILES ",OC: 23-00223-SC,1,1,0
C001-0738,Productos,2023-02-17,DOLARES,CREDITO,Emitida,3.824,3.829,738,1 DÍAS,60 DÍAS,1,"PRODUCTOS EN STOCK DE 7 A 10 DIAS HABILES LA ENTREGA, PARA FABRICACION DE 10 A 15 DIAS HABILES",OC: 23-00190-SC,0,1,0
C001-0737,Productos,2023-02-17,DOLARES,CREDITO,Emitida,3.862,3.868,737,1 DÍAS,60 DÍAS,1,"PRODUCTOS EN STOCK ENTREGA DE 7 A 10 DIAS HABILES, PARA FABRICACION DE 15 A 20 DIAS HABILES",23-00276-SC,0,1,0
C001-0736,Productos,2023-02-17,DOLARES,CREDITO,Emitida,3.863,3.869,736,1 DÍAS,60 DÍAS,1,"LOS PRODUCTOS QUE HAY EN STOCK ENTREGA DE 7 A 10 DÍAS HÁBILES, Y LOS QUE ESTÁN PARA FABRICACIÓN DE 10 A 15 DÍAS HÁBILES ",OC: 23-00223-SC,0,1,0
C001-0735,Productos,2023-02-17,DOLARES,CREDITO,Emitida,3.844,3.851,735,1 DÍAS,60 DÍAS,1,"TIEMPO DE ENTREGA DE 7 A 10 DÍAS HÁBILES, APARTIR DE LA FECHA DE CONFIRMACION DEL PEDIDO",OC: 23-00158-SC,0,1,0
C001-0734,Productos,2023-02-17,DOLARES,CREDITO,Emitida,3.844,3.851,734,1 DÍAS,60 DÍAS,1,"TIEMPO DE ENTREGA DE 7 A 10 DÍAS HÁBILES, APARTIR DE LA FECHA DE CONFIRMACION DEL PEDIDO",OC: 23-00158-SC,0,1,0
C001-0733,Productos,2023-02-17,DOLARES,CREDITO,Emitida,3.844,3.851,733,1 DÍAS,60 DÍAS,1,"TIEMPO DE ENTREGA DE 7 A 10 DÍAS HÁBILES, APARTIR DE LA FECHA DE CONFIRMACION DEL PEDIDO",OC: 23-00158-SC,0,1,0
C001-0732,Productos,2023-02-17,DOLARES,CONTADO,Emitida,3.862,3.868,732,1 DÍAS,0,1,ENTREGA SEGÚN STOCK,,0,1,0
C001-0731,Productos,2023-02-17,SOLES,CREDITO,Anulada,3.862,3.868,731,0,0,1,,,0,1,0
C001-0730,Productos,2023-02-17,DOLARES,CONTADO,Emitida,3.862,3.868,730,1 DÍAS,0,1,ENTREGA SEGÚN STOCK,,0,1,0
C001-0729,Productos,2023-02-17,DOLARES,CONTADO,Emitida,3.862,3.868,729,1 DÍAS,0,1,ENTREGA SEGÚN STOCK,,0,1,0
C001-0728,Productos,2023-02-16,DOLARES,CREDITO,Generada,3.858,3.865,728,7 DIAS,60 DÍAS,1,,,0,1,0
C001-0727,Productos,2023-02-16,DOLARES,CONTADO,Generada,3.858,3.865,727,1 DÍAS,0,1,ENTREGA SEGÚN STOCK,,0,1,0
C001-0726,Productos,2023-02-15,DOLARES,CONTADO,Emitida,3.858,3.861,726,1 DÍAS,0,1,ENTREGA SEGÚN STOCK,,0,1,0
C001-0725,Productos,2023-02-15,DOLARES,CONTADO,Generada,3.858,3.861,725,1 DÍAS,0,1,ENTREGA SEGÚN STOCK,,0,1,0
C001-0724,Productos,2023-02-14,DOLARES,CONTADO,Emitida,3.849,3.854,724,7 DIAS,0,1,,,0,1,0
C001-0723,Productos,2023-02-14,DOLARES,CONTADO,Emitida,3.849,3.854,723,7 DIAS,0,1,,,0,1,0
C001-0722,Productos,2023-02-14,DOLARES,CONTADO,Generada,3.849,3.854,722,1 DÍAS,0,1,ENTREGA SEGÚN STOCK,,0,1,0
C001-0721,Productos,2023-02-14,DOLARES,CONTADO,Emitida,3.849,3.854,721,1 DÍAS,0,1,ENTREGA SEGÚN STOCK,,0,1,0
C001-0720,Productos,2023-02-13,DOLARES,CONTADO,Emitida,3.853,3.858,720,1 DÍAS,0,1,ENTREGA SEGÚN STOCK,,0,1,0
C001-0719,Productos,2023-02-13,DOLARES,CONTADO,Emitida,3.853,3.858,719,1 DÍAS,0,1,ENTREGA SEGÚN STOCK,,0,1,0
C001-0718,Productos,2023-02-13,DOLARES,CONTADO,Emitida,3.853,3.858,718,1 DÍAS,0,1,ENTREGA SEGÚN STOCK,,0,1,0
C001-0717,Productos,2023-02-11,DOLARES,CONTADO,Generada,3.853,3.858,717,1 DÍAS,0,1,ENTREGA SEGÚN STOCK,,0,1,0
C001-0716,Productos,2023-02-11,DOLARES,CONTADO,Generada,3.853,3.858,716,1 DÍAS,0,1,ENTREGA SEGÚN STOCK,,0,1,0
C001-0715,Productos,2023-02-10,DOLARES,CONTADO,Emitida,3.853,3.858,715,1 DÍAS,0,1,ENTREGA SEGÚN STOCK,,0,1,0
C001-0714,Productos,2023-02-10,DOLARES,CONTADO,Emitida,3.863,3.869,714,7 DIAS,0,1,,,0,1,0
C001-0713,Productos,2023-02-10,DOLARES,CONTADO,Generada,3.863,3.869,713,1 DÍAS,0,1,ENTREGA SEGÚN STOCK,,0,1,0
C001-0712,Productos,2023-02-10,DOLARES,CONTADO,Generada,3.863,3.869,712,1 DÍAS,0,1,ENTREGA SEGÚN STOCK,,0,1,0
C001-0711,Productos,2023-02-10,DOLARES,CONTADO,Emitida,3.863,3.869,711,1 DÍAS,0,1,ENTREGA SEGÚN STOCK,,0,1,0
C001-0710,Productos,2023-02-10,SOLES,CREDITO,Generada,3.863,3.869,710,1 DÍAS,60 DÍAS,1,ENTREGA SEGÚN STOCK,,0,1,0
C001-0709,Productos,2023-02-09,DOLARES,CONTADO,Generada,3.852,3.856,709,1 DÍAS,0,1,ENTREGA SEGÚN STOCK,,0,1,0
C001-0708,Productos,2023-02-09,DOLARES,CONTADO,Generada,3.852,3.856,708,1 DÍAS,0,1,ENTREGA SEGÚN STOCK,,0,1,0
C001-0707,Productos,2023-02-09,DOLARES,CONTADO,Generada,3.852,3.856,707,1 DÍAS,0,1,ENTREGA SEGÚN STOCK,,0,1,0
C001-0706,Productos,2023-02-09,DOLARES,CONTADO,Emitida,3.852,3.856,706,1 DÍAS,0,1,ENTREGA SEGÚN STOCK,,0,1,0
C001-0705,Productos,2023-02-09,DOLARES,CONTADO,Generada,3.852,3.856,705,1 DÍAS,0,1,ENTREGA SEGÚN STOCK,,0,1,0
C001-0704,Productos,2023-02-08,DOLARES,CONTADO,Emitida,3.843,3.848,704,1 DÍAS,0,1,ENTREGA SEGÚN STOCK,,0,1,0
C001-0703,Productos,2023-02-08,DOLARES,CONTADO,Emitida,3.843,3.848,703,1 DÍAS,0,1,ENTREGA SEGÚN STOCK,,0,1,0
C001-0702,Productos,2023-02-08,DOLARES,CONTADO,Generada,3.843,3.848,702,1 DÍAS,0,1,ENTREGA SEGÚN STOCK,,0,1,0
C001-0701,Productos,2023-02-08,DOLARES,CONTADO,Generada,3.843,3.848,701,1 DÍAS,0,1,ENTREGA SEGÚN STOCK,,0,1,0
C001-0700,Productos,2023-02-08,DOLARES,CONTADO,Emitida,3.843,3.848,700,1 DÍAS,0,1,ENTREGA SEGÚN STOCK,,0,1,0
C001-0699,Productos,2023-02-08,DOLARES,CONTADO,Generada,3.843,3.848,699,1 DÍAS,0,1,ENTREGA SEGÚN STOCK,,0,1,0
C001-0698,Productos,2023-02-08,DOLARES,CONTADO,Generada,3.843,3.848,698,1 DÍAS,0,1,ENTREGA SEGÚN STOCK,,0,1,0
C001-0697,Productos,2023-02-08,DOLARES,CONTADO,Emitida,3.843,3.848,697,1 DÍAS,0,1,ENTREGA SEGÚN STOCK,,0,1,0
C001-0696,Productos,2023-02-07,DOLARES,CONTADO,Emitida,3.843,3.848,696,1 DÍAS,0,1,ENTREGA SEGÚN STOCK,,0,1,0
C001-0695,Productos,2023-02-07,DOLARES,CONTADO,Emitida,3.843,3.848,695,1 DÍAS,0,1,ENTREGA SEGÚN STOCK,,0,1,0
C001-0694,Productos,2023-02-07,DOLARES,CONTADO,Emitida,3.849,3.855,694,1 DÍAS,0,1,ENTREGA SEGÚN STOCK,,0,1,0
C001-0693,Productos,2023-02-07,DOLARES,CONTADO,Emitida,3.849,3.855,693,1 DÍAS,0,1,ENTREGA SEGÚN STOCK,,0,1,0
C001-0692,Productos,2023-02-06,DOLARES,CONTADO,Emitida,3.843,3.847,692,1 DÍAS,0,1,ENTREGA SEGÚN STOCK,,0,1,0
C001-0691,Productos,2023-02-06,DOLARES,CONTADO,Emitida,3.843,3.847,691,1 DÍAS,0,1,ENTREGA SEGÚN STOCK,,0,1,0
C001-0690,Productos,2023-02-06,DOLARES,CREDITO,Generada,3.824,3.829,690,1 DÍAS,60 DÍAS,1,"LOS PRODUCTOS QUE HAY EN STOCK ENTREGA DE 7 A 10 DÍAS HÁBILES, Y LOS DE ESTÁN PARA FABRICACIÓN DE 10 A 15 DÍAS HÁBILES",,0,1,0
C001-0689,Productos,2023-02-04,SOLES,CONTADO,Generada,3.843,3.847,689,7 DIAS,0,1,,,0,1,0
C001-0688,Productos,2023-02-03,DOLARES,CONTADO,Emitida,3.83,3.835,688,1 DÍAS,0,1,ENTREGA SEGÚN STOCK,,0,1,0
C001-0687,Productos,2023-02-03,DOLARES,CONTADO,Generada,3.83,3.835,687,7 DIAS,0,1,,,0,1,0
C001-0686,Productos,2023-02-03,DOLARES,CONTADO,Generada,3.83,3.835,686,7 DÍAS,0,1,,,0,1,0
C001-0685,Productos,2023-02-03,DOLARES,CONTADO,Generada,3.83,3.835,685,7 DIAS,0,1,,,0,1,0
C001-0684,Productos,2023-02-03,DOLARES,CONTADO,Emitida,3.83,3.835,684,1 DÍAS,0,1,ENTREGA SEGÚN STOCK,,0,1,0
C001-0683,Productos,2023-02-03,DOLARES,CONTADO,Emitida,3.83,3.835,683,1 DÍAS,0,1,ENTREGA SEGÚN STOCK,,0,1,0
C001-0682,Productos,2023-02-03,DOLARES,CONTADO,Generada,3.83,3.835,682,1 DÍAS,0,1,ENTREGA SEGÚN STOCK,,0,1,0
C001-0681,Productos,2023-02-03,DOLARES,CONTADO,Generada,3.83,3.835,681,1 DÍAS,0,1,ENTREGA SEGÚN STOCK,,0,1,0
C001-0680,Productos,2023-02-02,DOLARES,CONTADO,Generada,3.83,3.835,680,1 DÍAS,0,1,ENTREGA SEGÚN STOCK,,0,1,0
C001-0679,Productos,2023-02-02,DOLARES,CONTADO,Generada,3.83,3.835,679,1 DÍAS,0,1,ENTREGA SEGÚN STOCK,,0,1,0
C001-0678,Productos,2023-02-02,DOLARES,CONTADO,Generada,3.843,3.848,678,1 DÍAS,0,1,ENTREGA SEGÚN STOCK,,0,1,0
C001-0677,Productos,2023-02-02,DOLARES,CONTADO,Generada,3.843,3.848,677,1 DÍAS,0,1,ENTREGA SEGUN STOCK ,,0,1,0
C001-0676,Productos,2023-02-02,DOLARES,CONTADO,Generada,3.843,3.848,676,1 DÍAS,0,1,ENTREGA SEGUN STOCK ,,0,1,0
C001-0675,Productos,2023-02-02,DOLARES,CONTADO,Generada,3.843,3.848,675,1 DÍAS,0,1,ENTREGA SEGUN STOCK ,,0,1,0
C001-0674,Productos,2023-02-02,DOLARES,CONTADO,Generada,3.843,3.848,674,1 DÍAS,0,1,ENTREGA SEGUN STOCK ,,0,1,0
C001-0673,Productos,2023-02-02,DOLARES,CONTADO,Emitida,3.843,3.848,673,1 DÍAS,0,1,ENTREGA SEGUN STOCK ,,0,1,0
C001-0672,Productos,2023-02-01,DOLARES,CREDITO,Generada,3.843,3.848,672,1 DÍAS,60 DÍAS,1,"TIEMPO DE ENTREGA DE 3 A 5  DIAS HABILES , APARTIR DE LA FECHA DE CONFIRMACION DEL PEDIDO",,0,1,0
C001-0671,Productos,2023-02-01,DOLARES,CONTADO,Emitida,3.844,3.851,671,1 DÍAS,0,1,ENTREGA SEGÚN STOCK,,0,1,0
C001-0670,Productos,2023-02-01,DOLARES,CONTADO,Emitida,3.844,3.851,670,1 DÍAS,0,1,ENTREGA SEGÚN STOCK,,0,1,0
C001-0669,Productos,2023-02-01,DOLARES,CREDITO,Emitida,3.844,3.851,669,1 DÍAS,60 DÍAS,1,"TIEMPO DE ENTREGA DE 7 A 10 DÍAS HÁBILES, APARTIR DE LA FECHA DE CONFIRMACION DEL PEDIDO",OC: 23-00158-SC,0,1,0
C001-0668,Productos,2023-02-01,DOLARES,CONTADO,Generada,3.844,3.851,668,1 DÍAS,0,1,ENTREGA SEGÚN STOCK,,0,1,0
C001-0667,Productos,2023-02-01,DOLARES,CONTADO,Emitida,3.853,3.859,667,1 DÍAS,0,1,ENTREGA SEGÚN STOCK,,0,1,0
C001-0666,Productos,2023-02-01,DOLARES,CONTADO,Generada,3.844,3.851,666,1 DÍAS,0,1,ENTREGA SEGÚN STOCK,,0,1,0
C001-0665,Productos,2023-02-01,DOLARES,CONTADO,Emitida,3.844,3.851,665,1 DÍAS,0,1,ENTREGA SEGÚN STOCK,,0,1,0
C001-0664,Servicios,2023-01-31,SOLES,CONTADO,Emitida,3.844,3.851,664,1 DÍAS,0,1,ADICIONAL PINTADO DE CUBIERTA ( E/P NUNCIA ),70055095,0,1,0
C001-0663,Servicios,2023-01-31,SOLES,CONTADO,Emitida,3.844,3.851,663,1 DÍAS,0,1,PINTADO DE AREAS DE EMBARCACION ( E/P NUNCIA ),70054452,0,1,0
C001-0662,Productos,2023-01-31,DOLARES,CONTADO,Emitida,3.853,3.859,662,1 DÍAS,0,1,ENTREGA SEGÚN STOCK,,0,1,0
C001-0661,Productos,2023-01-31,DOLARES,CONTADO,Emitida,3.853,3.859,661,1 DÍAS,0,1,ENTREGA SEGÚN STOCK,,0,1,0
C001-0660,Productos,2023-01-31,DOLARES,CONTADO,Generada,3.853,3.859,660,1 DÍAS,0,1,ENTREGA SEGÚN STOCK,,0,1,0
C001-0659,Productos,2023-01-31,DOLARES,CONTADO,Generada,3.853,3.859,659,1 DÍAS,0,1,ENTREGA SEGÚN STOCK,,0,1,0
C001-0658,Productos,2023-01-31,DOLARES,CONTADO,Generada,3.853,3.859,658,1 DÍAS,0,1,ENTREGA SEGÚN STOCK,,0,1,0
C001-0657,Productos,2023-01-31,DOLARES,CONTADO,Emitida,3.853,3.859,657,1 DÍAS,0,1,ENTREGA SEGÚN STOCK,,0,1,0
C001-0656,Productos,2023-01-30,DOLARES,CONTADO,Generada,3.824,3.829,656,1 DÍAS,0,1,Tiempo de entrega 3 Semanas confirmado el pedido ( Pesos sujetos a tolerancias comerciales +/- 5% ) Forma de pago: 50% con la orden de compra ( para el paño 210/21 y 210/96 ),,0,1,0
C001-0655,Productos,2023-01-30,DOLARES,CONTADO,Anulada,3.824,3.829,655,1 DÍAS,0,1,ENTREGA SEGÚN STOCK,,0,1,0
C001-0654,Productos,2023-01-30,DOLARES,CONTADO,Emitida,3.824,3.829,654,1 DÍAS,0,1,E/P ENRIQUE,,0,1,0
C001-0653,Productos,2023-01-30,DOLARES,CONTADO,Generada,3.824,3.829,653,1 DÍAS,0,1,ENTREGA SEGÚN STOCK,,0,1,0
C001-0652,Productos,2023-01-30,DOLARES,CONTADO,Emitida,3.824,3.829,652,1 DÍAS,0,1,ENTREGA SEGÚN STOCK,,0,1,0
C001-0651,Productos,2023-01-30,DOLARES,CONTADO,Generada,3.824,3.829,651,1 DÍAS,0,1,ENTREGA SEGÚN STOCK,,0,1,0
C001-0650,Productos,2023-01-30,DOLARES,CREDITO,Generada,3.824,3.829,650,1 DÍAS,30 DÍAS,1,ENTREGA SEGÚN STOCK,,0,1,0
C001-0649,Productos,2023-01-30,DOLARES,CREDITO,Generada,3.824,3.829,649,1 DÍAS,30 DÍAS,1,ENTREGA SEGÚN STOCK,,0,1,0
C001-0648,Productos,2023-01-30,DOLARES,CREDITO,Generada,3.824,3.829,648,1 DÍAS,60 DÍAS,1,"TIEMPO DE ENTREGA DE 7 A 10 DÍAS HÁBILES, APARTIR DE LA FECHA DE CONFIRMACION DEL PEDIDO",,0,1,0
C001-0647,Productos,2023-01-30,DOLARES,CONTADO,Emitida,3.824,3.829,647,1 DÍAS,0,1,ENTREGA SEGÚN STOCK,,0,1,0
C001-0646,Productos,2023-01-28,DOLARES,CREDITO,Generada,3.824,3.829,646,1 DÍAS,60 DÍAS,1,"LOS PRODUCTOS QUE HAY EN STOCK ENTREGA DE 7 A 10 DÍAS HÁBILES, Y LOS DE ESTÁN PARA FABRICACIÓN DE 10 A 15 DÍAS HÁBILES",,0,1,0
C001-0645,Productos,2023-01-28,SOLES,CONTADO,Emitida,3.824,3.829,645,1 DÍAS,0,1,PARA USO DE SERVICIOS ,,0,1,0
C001-0644,Productos,2023-01-28,DOLARES,CONTADO,Emitida,3.824,3.829,644,1 DÍAS,0,1,ENTREGA SEGÚN STOCK,,0,1,0
C001-0643,Productos,2023-01-28,DOLARES,CONTADO,Generada,3.824,3.829,643,1 DÍAS,0,1,ENTREGA SEGÚN STOCK,,0,1,0
C001-0642,Productos,2023-01-27,DOLARES,CONTADO,Emitida,3.861,3.867,642,1 DÍAS,0,1,ENTREGA SEGÚN STOCK,,0,1,0
C001-0641,Productos,2023-01-27,DOLARES,CREDITO,Generada,3.861,3.867,641,1 DÍAS,30 DÍAS,1,ENTREGA SEGÚN STOCK,,0,1,0
C001-0640,Productos,2023-01-27,DOLARES,CREDITO,Generada,3.861,3.867,640,1 DÍAS,30 DÍAS,1,ENTREGA SEGÚN STOCK,,0,1,0
C001-0639,Productos,2023-01-27,DOLARES,CONTADO,Emitida,3.861,3.867,639,1 DÍAS,0,1,ENTREGA SEGUN STOCK,,0,1,0
C001-0638,Productos,2023-01-27,DOLARES,CONTADO,Emitida,3.861,3.867,638,1 DÍAS,0,1,ENTREGA SEGÚN STOCK,,0,1,0
C001-0637,Productos,2023-01-27,DOLARES,CONTADO,Emitida,3.861,3.867,637,1 DÍAS,0,1,ENTREGA SEGÚN STOCK,,0,1,0
C001-0636,Productos,2023-01-27,DOLARES,CONTADO,Emitida,3.861,3.867,636,1 DÍAS,0,1,ENTREGA SEGÚN STOCK,,0,1,0
C001-0635,Productos,2023-01-26,DOLARES,CONTADO,Emitida,3.892,3.9,635,1 DÍAS,0,1,ENTREGA SEGÚN STOCK,,0,1,0
C001-0634,Productos,2023-01-26,DOLARES,CONTADO,Emitida,3.892,3.9,634,1 DÍAS,0,1,ENTREGA SEGÚN STOCK,,0,1,0
C001-0633,Productos,2023-01-26,DOLARES,CONTADO,Emitida,3.892,3.9,633,7 DIAS,0,1,,,0,1,0
C001-0632,Productos,2023-01-26,DOLARES,CONTADO,Generada,3.892,3.9,632,1 DÍAS,0,1,ENTREGA SEGÚN STOCK,,0,1,0
C001-0631,Productos,2023-01-26,DOLARES,CONTADO,Emitida,3.892,3.9,631,1 DÍAS,0,1,ENTREGA SEGÚN STOCK,,0,1,0
C001-0630,Productos,2023-01-25,DOLARES,CONTADO,Generada,3.88,3.885,630,1 DÍAS,0,1,ENTREGA SEGÚN STOCK,,0,1,0
C001-0629,Productos,2023-01-25,DOLARES,CONTADO,Emitida,3.88,3.885,629,1 DÍAS,0,1,ENTREGA SEGÚN STOCK,,0,1,0
C001-0628,Productos,2023-01-25,DOLARES,CONTADO,Emitida,3.88,3.885,628,1 DÍAS,0,1,ENTREGA SEGÚN STOCK,,0,1,0
C001-0627,Productos,2023-01-25,DOLARES,CONTADO,Generada,3.88,3.885,627,1 DÍAS,0,1,ENTREGA SEGÚN STOCK,,0,1,0
C001-0626,Productos,2023-01-25,DOLARES,CONTADO,Emitida,3.88,3.885,626,1 DÍAS,0,1,ENTREGA SEGÚN STOCK,,0,1,0
C001-0625,Productos,2023-01-25,DOLARES,CONTADO,Emitida,3.88,3.885,625,1 DÍAS,0,1,ENTREGA SEGÚN STOCK,,0,1,0
C001-0624,Productos,2023-01-24,DOLARES,CONTADO,Generada,3.866,3.873,624,1 DÍAS,0,1,ENTREGA SEGÚN STOCK,,0,1,0
C001-0623,Productos,2023-01-24,DOLARES,CREDITO,Emitida,3.866,3.873,623,1 DÍAS,0,1,ENTREGA SEGÚN STOCK,,0,1,0
C001-0622,Productos,2023-01-23,DOLARES,CONTADO,Emitida,3.802,3.806,622,1 DÍAS,0,1,ENTREGA SEGÚN STOCK,,0,1,0
C001-0621,Productos,2023-01-23,DOLARES,CONTADO,Emitida,3.852,3.859,621,1 DÍAS,0,1,PARA USO DE SERVICIOS ,,0,1,0
C001-0620,Productos,2023-01-23,DOLARES,CONTADO,Generada,3.852,3.859,620,1 DÍAS,0,1,PARA USO DE SERVICIOS ,,0,1,0
C001-0619,Productos,2023-01-23,DOLARES,CONTADO,Generada,3.852,3.859,619,1 DÍAS,0,1,ENTREGA SEGÚN STOCK,,0,1,0
C001-0618,Productos,2023-01-23,DOLARES,CONTADO,Emitida,3.852,3.859,618,1 DÍAS,0,1,ENTREGA SEGÚN STOCK,,0,1,0
C001-0617,Productos,2023-01-23,DOLARES,CONTADO,Generada,3.852,3.859,617,1 DÍAS,0,1,ENTREGA SEGÚN STOCK,,0,1,0
C001-0616,Productos,2023-01-23,DOLARES,CONTADO,Generada,3.852,3.859,616,1 DÍAS,0,1,ENTREGA SEGÚN STOCK,,0,1,0
C001-0615,Productos,2023-01-23,DOLARES,CONTADO,Generada,3.852,3.842,615,7 DIAS,0,1,,,0,1,0
C001-0614,Productos,2023-01-23,DOLARES,CONTADO,Emitida,3.852,3.859,614,1 DÍAS,0,1,ENTREGA SEGÚN STOCK,,0,1,0
C001-0613,Productos,2023-01-23,DOLARES,CONTADO,Emitida,3.852,3.859,613,1 DÍAS,0,1,ENTREGA SEGÚN STOCK,,0,1,0
C001-0612,Productos,2023-01-21,DOLARES,CONTADO,Generada,3.852,3.859,612,0,0,1,,,0,1,0
C001-0611,Productos,2023-01-21,DOLARES,CONTADO,Generada,3.852,3.859,611,7 DIAS,0,1,,,0,1,0
C001-0610,Productos,2023-01-21,DOLARES,CONTADO,Generada,3.852,3.859,610,7 DÍAS,0,1,,,0,1,0
C001-0609,Productos,2023-01-21,DOLARES,CONTADO,Generada,3.852,3.859,609,1 DÍAS,0,1,Entrega según stock,,0,1,0
C001-0608,Productos,2023-01-20,DOLARES,CONTADO,Emitida,3.857,3.861,608,1 DÍAS,0,1,ENTREGA SEGÚN STOCK,,0,1,0
C001-0607,Productos,2023-01-20,DOLARES,CONTADO,Generada,3.857,3.861,607,1 DÍAS,0,1,ENTREGA SEGÚN STOCK,,0,1,0
C001-0606,Productos,2023-01-20,DOLARES,CONTADO,Generada,3.857,3.861,606,1 DÍAS,0,1,ENTREGA SEGÚN STOCK,,0,1,0
C001-0605,Productos,2023-01-20,DOLARES,CONTADO,Generada,3.857,3.861,605,1 DÍAS,0,1,ENTREGA SEGÚN STOCK,,0,1,0
C001-0604,Productos,2023-01-20,DOLARES,CONTADO,Emitida,3.857,3.861,604,1 DÍAS,0,1,ENTREGA SEGÚN STOCK,,0,1,0
C001-0603,Productos,2023-01-20,DOLARES,CONTADO,Generada,3.857,3.861,603,1 DÍAS,0,1,ENTREGA SEGÚN STOCK,,0,1,0
C001-0602,Productos,2023-01-20,DOLARES,CONTADO,Emitida,3.857,3.861,602,1 DÍAS,0,1,ENTREGA SEGÚN STOCK,,0,1,0
C001-0601,Productos,2023-01-20,DOLARES,CONTADO,Generada,3.857,3.861,601,1 DÍAS,0,1,ENTREGA SEGÚN STOCK,,0,1,0
C001-0600,Productos,2023-01-20,DOLARES,CONTADO,Generada,3.857,3.861,600,1 DÍAS,0,1,ENTREGA SEGÚN STOCK,,0,1,0
C001-0599,Productos,2023-01-20,DOLARES,CONTADO,Generada,3.857,3.861,599,1 DÍAS,0,1,ENTREGA SEGÚN STOCK,,0,1,0
C001-0598,Productos,2023-01-20,DOLARES,CONTADO,Emitida,3.857,3.861,598,1 DÍAS,0,1,ENTREGA SEGÚN STOCK,,0,1,0
C001-0597,Productos,2023-01-20,DOLARES,CONTADO,Generada,3.857,3.861,597,1 DÍAS,0,1,ENTREGA SEGÚN STOCK,,0,1,0
C001-0596,Productos,2023-01-19,DOLARES,CONTADO,Emitida,3.857,3.861,596,1 DÍAS,0,1,ENTREGA SEGÚN STOCK,,0,1,0
C001-0595,Productos,2023-01-19,DOLARES,CONTADO,Emitida,3.829,3.836,595,1 DÍAS,0,1,ENTREGA SEGÚN STOCK,,0,1,0
C001-0594,Productos,2023-01-19,DOLARES,CONTADO,Generada,3.829,3.836,594,1 DÍAS,0,1,ENTREGA SEGÚN STOCK,,0,1,0
C001-0593,Productos,2023-01-19,DOLARES,CONTADO,Emitida,3.829,3.836,593,1 DÍAS,0,1,ENTREGA SEGÚN STOCK,,0,1,0
C001-0592,Productos,2023-01-19,DOLARES,CONTADO,Emitida,3.829,3.836,592,1 DÍAS,0,1,ENTREGA SEGÚN STOCK,,0,1,0
C001-0591,Productos,2023-01-18,DOLARES,CONTADO,Emitida,3.837,3.842,591,1 DÍAS,0,1,ENTREGA SEGÚN STOCK,,0,1,0
C001-0590,Productos,2023-01-18,DOLARES,CONTADO,Emitida,3.837,3.842,590,1 DÍAS,0,1,ENTREGA SEGÚN STOCK,,0,1,0
C001-0589,Productos,2023-01-18,DOLARES,CONTADO,Emitida,3.837,3.842,589,1 DÍAS,0,1,ENTREGA SEGÚN STOCK,,0,1,0
C001-0588,Productos,2023-01-18,DOLARES,CONTADO,Emitida,3.837,3.842,588,1 DÍAS,0,1,ENTREGA SEGÚN STOCK,,0,1,0
C001-0587,Productos,2023-01-17,DOLARES,CONTADO,Emitida,3.815,3.822,587,1 DÍAS,0,1,ENTREGA SEGÚN STOCK,,0,1,0
C001-0586,Productos,2023-01-17,DOLARES,CONTADO,Generada,3.815,3.822,586,1 DÍAS,0,1,ENTREGA SEGÚN STOCK,,0,1,0
C001-0585,Productos,2023-01-17,DOLARES,CONTADO,Emitida,3.815,3.822,585,1 DÍAS,0,1,ENTREGA SEGÚN STOCK,,0,1,0
C001-0584,Productos,2023-01-17,DOLARES,CONTADO,Generada,3.815,3.822,584,1 DÍAS,0,1,ENTREGA SEGÚN STOCK,,0,1,0
C001-0583,Productos,2023-01-17,DOLARES,CONTADO,Emitida,3.815,3.822,583,1 DÍAS,0,1,ENTREGA SEGÚN STOCK,,0,1,0
C001-0582,Productos,2023-01-17,DOLARES,CONTADO,Emitida,3.815,3.822,582,1 DÍAS,0,1,ENTREGA SEGÚN STOCK,,0,1,0
C001-0581,Productos,2023-01-17,DOLARES,CONTADO,Generada,3.815,3.822,581,1 DÍAS,0,1,ENTREGA SEGÚN STOCK,,0,1,0
C001-0580,Productos,2023-01-17,DOLARES,CONTADO,Generada,3.815,3.822,580,1 DÍAS,0,1,ENTREGA SEGÚN STOCK,,0,1,0
C001-0579,Productos,2023-01-17,DOLARES,CONTADO,Emitida,3.815,3.822,579,1 DÍAS,0,1,ENTREGA SEGÚN STOCK,,0,1,0
C001-0578,Productos,2023-01-16,DOLARES,CONTADO,Emitida,3.802,3.806,578,1 DÍAS,0,1,ENTREGA SEGÚN STOCK,,0,1,0
C001-0577,Productos,2023-01-16,SOLES,CONTADO,Generada,3.802,3.806,577,1 DÍAS,0,1,ENTREGA SEGÚN STOCK,,0,1,0
C001-0576,Productos,2023-01-16,DOLARES,CONTADO,Generada,3.802,3.806,576,1 DÍAS,0,1,ENTREGA SEGÚN STOCK,,0,1,0
C001-0575,Productos,2023-01-16,DOLARES,CONTADO,Generada,3.802,3.806,575,1 DÍAS,0,1,ENTREGA SEGÚN STOCK,,0,1,0
C001-0574,Productos,2023-01-16,DOLARES,CONTADO,Generada,3.802,3.806,574,1 DÍAS,0,1,ENTREGA SEGÚN STOCK,,0,1,0
C001-0573,Productos,2023-01-16,DOLARES,CONTADO,Generada,3.802,3.806,573,1 DÍAS,0,1,ENTREGA SEGÚN STOCK,,0,1,0
C001-0572,Productos,2023-01-14,DOLARES,CONTADO,Emitida,3.802,3.806,572,1 DÍAS,0,1,ENTREGA SEGÚN STOCK,,0,1,0
C001-0571,Productos,2023-01-14,DOLARES,CONTADO,Generada,3.802,3.806,571,7 DÍAS,0,1,,,0,1,0
C001-0570,Productos,2023-01-14,DOLARES,CONTADO,Generada,3.802,3.806,570,1 DÍAS,0,1,ENTREGA SEGÚN STOCK,,0,1,0
C001-0569,Productos,2023-01-14,DOLARES,CONTADO,Emitida,3.802,3.806,569,1 DÍAS,0,1,ENTREGA SEGÚN STOCK,,0,1,0
C001-0568,Productos,2023-01-14,DOLARES,CONTADO,Emitida,3.802,3.806,568,1 DÍAS,0,1,ENTREGA SEGÚN STOCK,,0,1,0
C001-0567,Productos,2023-01-13,DOLARES,CONTADO,Emitida,3.802,3.806,567,1 DÍAS,0,1,Entrega según stock,,0,1,0
C001-0566,Productos,2023-01-13,DOLARES,CONTADO,Emitida,3.779,3.784,566,1 DÍAS,0,1,ENTREGA SEGÚN STOCK,,0,1,0
C001-0565,Productos,2023-01-13,DOLARES,CONTADO,Generada,3.779,3.784,565,1 DÍAS,0,1,ENTREGA SEGÚN STOCK,,0,1,0
C001-0564,Productos,2023-01-12,DOLARES,CONTADO,Emitida,3.782,3.783,564,7 DÍAS,0,1,,,0,1,0
C001-0563,Productos,2023-01-12,DOLARES,CONTADO,Generada,3.782,3.783,563,1 DÍAS,0,1,ENTREGA SEGÚN STOCK,,0,1,0
C001-0562,Productos,2023-01-12,DOLARES,CONTADO,Emitida,3.782,3.783,562,1 DÍAS,0,1,ENTREGA SEGÚN STOCK,,0,1,0
C001-0561,Productos,2023-01-11,DOLARES,CONTADO,Emitida,3.782,3.783,561,1 DÍAS,0,1,ENTREGA SEGÚN STOCK,,0,1,0
C001-0560,Productos,2023-01-11,DOLARES,CREDITO,Generada,3.802,3.806,560,1 DÍAS,60 DÍAS,1,,,0,1,0
C001-0559,Servicios,2023-01-11,SOLES,CONTADO,Emitida,3.802,3.806,559,1 DÍAS,0,1,LIMPIEZA DE CASCO OBRA VIVA DE PANGA ( E/P MALENA ),70055159,0,1,0
C001-0558,Productos,2023-01-11,DOLARES,CONTADO,Emitida,3.802,3.806,558,1 DÍAS,0,1,ENTREGA SEGÚN STOCK,,0,1,0
C001-0557,Productos,2023-01-11,DOLARES,CONTADO,Generada,3.802,3.806,557,1 DÍAS,0,1,ENTREGA SEGÚN STOCK,,0,1,0
C001-0556,Productos,2023-01-10,DOLARES,CONTADO,Generada,3.792,3.803,556,1 DÍAS,0,1,ENTREGA SEGÚN STOCK,,0,1,0
C001-0555,Productos,2023-01-10,DOLARES,CONTADO,Emitida,3.792,3.803,555,1 DÍAS,0,1,ENTREGA SEGÚN STOCK,,0,1,0
C001-0554,Productos,2023-01-10,DOLARES,CONTADO,Generada,3.792,3.803,554,1 DÍAS,0,1,ENTREGA SEGÚN STOCK,,0,1,0
C001-0553,Productos,2023-01-10,DOLARES,CONTADO,Emitida,3.792,3.803,553,1 DÍAS,0,1,ENTREGA SEGÚN STOCK,,0,1,0
C001-0552,Productos,2023-01-10,DOLARES,CONTADO,Generada,3.792,3.803,552,1 DÍAS,0,1,ENTREGA SEGÚN STOCK,,0,1,0
C001-0551,Productos,2023-01-10,DOLARES,CONTADO,Generada,3.792,3.803,551,1 DÍAS,0,1,ENTREGA SEGÚN STOCK,,0,1,0
C001-0550,Productos,2023-01-10,DOLARES,CONTADO,Generada,3.792,3.803,550,1 DÍAS,0,1,ENTREGA SEGÚN STOCK,,0,1,0
C001-0549,Productos,2023-01-09,DOLARES,CONTADO,Generada,3.8,3.806,549,1 DÍAS,0,1,ENTREGA SEGÚN STOCK,,0,1,0
C001-0548,Productos,2023-01-09,DOLARES,CONTADO,Emitida,3.8,3.806,548,1 DÍAS,0,1,ENTREGA SEGÚN STOCK,,0,1,0
C001-0547,Productos,2023-01-09,DOLARES,CONTADO,Emitida,3.8,3.806,547,7 DIAS,0,1,ENTREGA SEGÚN STOCK,,0,1,0
C001-0546,Productos,2023-01-07,DOLARES,CONTADO,Generada,3.8,3.806,546,1 DÍAS,0,1,ENTREGA SEGÚN STOCK,,0,1,0
C001-0545,Productos,2023-01-06,DOLARES,CONTADO,Emitida,3.822,3.827,545,1 DÍAS,0,1,ENTREGA SEGÚN STOCK,,0,1,0
C001-0544,Productos,2023-01-06,DOLARES,CONTADO,Generada,3.824,3.83,544,1 DÍAS,0,1,ENTREGA SEGÚN STOCK,,0,1,0
C001-0543,Productos,2023-01-06,DOLARES,CONTADO,Emitida,3.824,3.83,543,1 DÍAS,0,1,ENTREGA SEGÚN STOCK,,0,1,0
C001-0542,Productos,2023-01-05,DOLARES,CONTADO,Generada,3.824,3.83,542,7 DIAS,0,1,,,0,1,0
C001-0541,Productos,2023-01-05,DOLARES,CONTADO,Generada,3.822,3.827,541,7 DIAS,0,1,,,0,1,0
C001-0540,Productos,2023-01-05,SOLES,CONTADO,Emitida,3.822,3.827,540,1 DÍAS,0,1,ENTREGA SEGÚN STOCK,,0,1,0
C001-0539,Productos,2023-01-05,DOLARES,CONTADO,Emitida,3.822,3.827,539,1 DÍAS,0,1,ENTREGA SEGÚN STOCK,,0,1,0
C001-0538,Productos,2023-01-05,DOLARES,CONTADO,Generada,3.822,3.827,538,1 DÍAS,0,1,ENTREGA SEGÚN STOCK,,0,1,0
C001-0537,Productos,2023-01-05,DOLARES,CONTADO,Emitida,3.822,3.827,537,1 DÍAS,0,1,ENTREGA SEGÚN STOCK,,0,1,0
C001-0536,Productos,2023-01-05,DOLARES,CONTADO,Emitida,3.822,3.827,536,7 DIAS,0,1,ENTREGA SEGÚN STOCK,,0,1,0
C001-0535,Productos,2023-01-05,DOLARES,CONTADO,Emitida,3.822,3.827,535,1 DÍAS,0,1,ENTREGA SEGÚN STOCK,,0,1,0
C001-0534,Productos,2023-01-04,DOLARES,CREDITO,Generada,3.822,3.827,534,1 DÍAS,0,1,ENTREGA SEGÚN STOCK,,0,1,0
C001-0533,Productos,2023-01-04,DOLARES,CONTADO,Generada,3.812,3.823,533,1 DÍAS,0,1,ENTREGA SEGÚN STOCK,,0,1,0
C001-0532,Productos,2023-01-04,DOLARES,CONTADO,Emitida,3.812,3.823,532,1 DÍAS,0,1,ENTREGA SEGÚN STOCK,,0,1,0
C001-0531,Productos,2023-01-04,SOLES,CONTADO,Emitida,3.812,3.823,531,1 DÍAS,0,1,ENTREGA SEGÚN STOCK,,0,1,0
C001-0530,Productos,2023-01-04,SOLES,CONTADO,Emitida,3.812,3.823,530,1 DÍAS,0,1,ENTREGA SEGÚN STOCK,,0,1,0
C001-0529,Productos,2023-01-04,DOLARES,CONTADO,Generada,3.812,3.823,529,1 DÍAS,0,1,ENTREGA SEGÚN STOCK,,0,1,0
C001-0528,Productos,2023-01-04,DOLARES,CONTADO,Emitida,3.812,3.823,528,1 DÍAS,0,1,ENTREGA SEGÚN STOCK,,0,1,0
C001-0527,Productos,2023-01-04,DOLARES,CONTADO,Emitida,3.812,3.823,527,1 DÍAS,0,1,ENTREGA SEGÚN STOCK,,0,1,0
C001-0526,Productos,2023-01-04,DOLARES,CONTADO,Generada,3.812,3.823,526,1 DÍAS,0,1,ENTREGA SEGÚN STOCK,,0,1,0
C001-0525,Productos,2023-01-03,DOLARES,CONTADO,Emitida,3.812,3.823,525,1 DÍAS,0,1,ENTREGA SEGÚN STOCK,,0,1,0
C001-0524,Productos,2023-01-03,DOLARES,CONTADO,Emitida,3.808,3.82,524,1 DÍAS,0,1,ENTREGA SEGÚN STOCK,,0,1,0
C001-0523,Productos,2023-01-03,DOLARES,CONTADO,Generada,3.808,3.82,523,1 DÍAS,0,1,ENTREGA SEGÚN STOCK,,0,1,0
C001-0522,Productos,2023-01-03,DOLARES,CONTADO,Emitida,3.808,3.82,522,1 DÍAS,0,1,ENTREGA SEGÚN STOCK,,0,1,0
C001-0521,Productos,2023-01-03,DOLARES,CREDITO,Generada,3.808,3.82,521,1 DÍAS,0,1,ENTREGA SEGÚN STOCK,,0,1,0
C001-0520,Productos,2023-01-03,DOLARES,CREDITO,Generada,3.808,3.82,520,1 DÍAS,0,1,ENTREGA SEGÚN STOCK,,0,1,0
C001-0519,Servicios,2023-01-02,SOLES,CONTADO,Emitida,3.808,3.82,519,1 DÍAS,0,1,"EVACUACION , LIMPIEZA E HIDROLAVADO ( E/P MALENA )",70055365,0,1,0
C001-0518,Servicios,2023-01-02,SOLES,CONTADO,Emitida,3.808,3.82,518,1 DÍAS,0,1,PINTADO DE ABSORBENTE ( E/P JUANCHO),70055131,0,1,0
C001-0517,Servicios,2023-01-02,SOLES,CONTADO,Emitida,3.808,3.82,517,1 DÍAS,0,1,PINTADO DE ABSORBENTE ( E/P NUEVA RESBALOSA),70055434,0,1,0
C001-0516,Productos,2023-01-02,DOLARES,CONTADO,Emitida,3.808,3.82,516,1 DÍAS,0,1,ENTREGA SEGÚN STOCK,,0,1,0
