ENTREGA SEGÚN STOCK,2023-07-15,,3.565,3.573,SOLES,ENVIADA,F001-0751,Aceptado,751,T001-0794
ENTREGA SEGÚN STOCK,2023-07-15,,3.558,3.567,SOLES,ENVIADA,F001-0750,Aceptado,750,T001-0793
ENTREGA SEGÚN STOCK,2023-07-13,,3.588,3.599,SOLES,ENVIADA,F001-0749,Aceptado,749,T001-0792
ENTREGA SEGÚN STOCK,2023-07-13,,3.588,3.599,SOLES,ENVIADA,F001-0748,Aceptado,748,T001-0790
ENTREGA SEGÚN STOCK,2023-07-12,,3.632,3.638,SOLES,ENVIADA,F001-0747,Aceptado,747,T001-0789
"PRODUCTOS EN STOCK 15 DÍAS HÁBILES LA ENTREGA, PARA FABRICACIÓN DE 20 A 25 DÍAS HÁBILES",2023-07-12,23-00969-SC,3.621,3.63,SOLES,ENVIADA,F001-0746,Aceptado,746,T001-0788
"PRODUCTOS EN STOCK 15 DÍAS HÁBILES LA ENTREGA, PARA FABRICACIÓN DE 20 A 25 DÍAS HÁBILES",2023-07-12,23-00950-SC,3.64,3.645,SOLES,ENVIADA,F001-0745,Aceptado,745,T001-0787
ENTREGA SEGÚN STOCK,2023-07-11,,3.636,3.643,SOLES,ENVIADA,F001-0744,Aceptado,744,T001-0786
,2023-07-11,,3.636,3.643,SOLES,ENVIADA,F001-0743,Aceptado,743,T001-0785
ENTREGA SEGÚN STOCK,2023-07-11,,3.636,3.643,SOLES,ENVIADA,F001-0742,Aceptado,742,T001-0784
ENTREGA SEGÚN STOCK,2023-07-10,,3.637,3.643,DOLARES,ENVIADA,F001-0741,Aceptado,741,T001-0783
ENTREGA SEGÚN STOCK,2023-07-10,,3.627,3.633,SOLES,ENVIADA,F001-0740,Aceptado,740,T001-0782
ENTREGA SEGÚN STOCK,2023-07-10,,3.637,3.643,SOLES,ENVIADA,F001-0739,Aceptado,739,T001-0781
ENTREGA SEGÚN STOCK,2023-07-08,,3.637,3.643,SOLES,ENVIADA,F001-0738,Por Procesar,738,T001-0779
ENTREGA SEGÚN STOCK,2023-07-07,,3.627,3.633,DOLARES,ENVIADA,F001-0737,Aceptado,737,T001-0778
ENTREGA SEGÚN STOCK,2023-07-07,,3.627,3.633,DOLARES,ENVIADA,F001-0736,Aceptado,736,T001-0777
ENTREGA SEGÚN STOCK,2023-07-07,,3.627,3.633,DOLARES,GENERADA,F001-0735,,735,T001-0775
ENTREGA SEGÚN STOCK,2023-07-07,,3.641,3.648,SOLES,ENVIADA,F001-0734,Aceptado,734,T001-0776
ENTREGA SEGÚN STOCK,2023-07-06,,3.627,3.633,DOLARES,GENERADA,F001-0733,,733,T001-0774
ENTREGA SEGÚN STOCK,2023-07-06,,3.627,3.633,DOLARES,GENERADA,F001-0732,,732,T001-0773
ENTREGA SEGÚN STOCK,2023-07-05,,3.621,3.63,DOLARES,ENVIADA,F001-0731,Aceptado,731,T001-0771
ENTREGA SEGÚN STOCK,2023-07-05,,3.624,3.634,DOLARES,ENVIADA,F001-0730,Aceptado,730,T001-0770
OC: 3008373959   ( 1 CAJA Y 1 PAQUETE ),2023-07-05,3008373959,3.671,3.674,DOLARES,ENVIADA,F001-0729,Aceptado,729,T001-0769
ENTREGA SEGÚN STOCK,2023-07-05,,3.624,3.634,DOLARES,ENVIADA,F001-0728,Aceptado,728,T001-0768
ENTREGA SEGÚN STOCK,2023-07-05,,3.624,3.634,SOLES,ENVIADA,F001-0726,Aceptado,726,T001-0766
ENTREGA SEGÚN STOCK,2023-07-05,,3.624,3.634,DOLARES,ENVIADA,F001-0725,Aceptado,725,T001-0765
ENTREGA SEGÚN STOCK,2023-07-04,,3.621,3.63,DOLARES,ENVIADA,F001-0724,Aceptado,724,T001-0764
ENTREGA SEGÚN STOCK,2023-07-04,,3.621,3.63,SOLES,ENVIADA,F001-0723,Aceptado,723,T001-0763
ENTREGA SEGÚN STOCK,2023-07-03,,3.624,3.633,DOLARES,ENVIADA,F001-0722,Aceptado,722,T001-0762
ENTREGA SEGÚN STOCK,2023-07-03,,3.624,3.633,SOLES,ENVIADA,F001-0721,Aceptado,721,T001-0759
ENTREGA SEGÚN STOCK,2023-07-03,,3.624,3.633,DOLARES,ENVIADA,F001-0720,Aceptado,720,T001-0758
ENTREGA SEGÚN STOCK,2023-07-03,,3.624,3.633,DOLARES,ENVIADA,F001-0719,Aceptado,719,T001-0757
ENTREGA SEGÚN STOCK,2023-07-03,,3.624,3.633,DOLARES,ENVIADA,F001-0718,Aceptado,718,T001-0756
"PRODUCTOS EN STOCK 15 DÍAS HÁBILES LA ENTREGA, PARA FABRICACIÓN DE 20 A 25 DÍAS HÁBILES",2023-06-28,23-00946-SC,3.628,3.638,SOLES,ENVIADA,F001-0716,Aceptado,716,T001-0755
ENTREGA SEGÚN STOCK,2023-06-28,,3.633,3.64,SOLES,ENVIADA,F001-0715,Aceptado,715,T001-0754
ENTREGA SEGÚN STOCK,2023-06-28,,3.633,3.64,SOLES,ENVIADA,F001-0714,Aceptado,714,T001-0753
ENTREGA SEGÚN STOCK,2023-06-28,,3.633,3.64,SOLES,ENVIADA,F001-0713,Aceptado,713,T001-0752
ENTREGA SEGÚN STOCK,2023-06-27,,3.635,3.642,SOLES,ENVIADA,F001-0712,Aceptado,712,T001-0751
ENTREGA SEGÚN STOCK,2023-06-27,,3.635,3.642,SOLES,ENVIADA,F001-0711,Aceptado,711,T001-0750
CARENA E/P JOSELITO 2,2023-06-27,OC01-00008,3.649,3.659,DOLARES,ENVIADA,F001-0710,Aceptado,710,T001-0749
CARENA E/P DON WILLY,2023-06-27,OC01-00010,3.649,3.659,DOLARES,ENVIADA,F001-0709,Aceptado,709,T001-0748
ENTREGA SEGÚN STOCK,2023-06-27,,3.635,3.642,SOLES,ENVIADA,F001-0708,Aceptado,708,T001-0747
ENTREGA SEGÚN STOCK,2023-06-27,,3.635,3.642,SOLES,GENERADA,F001-0707,,707,T001-0746
"PRODUCTOS EN STOCK 15 DÍAS HÁBILES LA ENTREGA, PARA FABRICACIÓN DE 20 A 25 DÍAS HÁBILES",2023-06-26,23-00930-SC,3.646,3.652,SOLES,ENVIADA,F001-0706,Aceptado,706,T001-0745
"PRODUCTOS EN STOCK 15 DÍAS HÁBILES LA ENTREGA, PARA FABRICACIÓN DE 20 A 25 DÍAS HÁBILES",2023-06-26,23-00921-SC,3.631,3.645,SOLES,ENVIADA,F001-0705,Aceptado,705,T001-0744
"PRODUCTOS EN STOCK 15 DÍAS HÁBILES LA ENTREGA, PARA FABRICACIÓN DE 20 A 25 DÍAS HÁBILES",2023-06-26,23-00914-SC,3.671,3.674,SOLES,ENVIADA,F001-0704,Aceptado,704,T001-0743
ENTREGA SEGÚN STOCK,2023-06-26,,3.628,3.638,SOLES,ENVIADA,F001-0701,Aceptado,701,T001-0742
ENTREGA SEGÚN STOCK,2023-06-26,,3.628,3.638,SOLES,ENVIADA,F001-0700,Aceptado,700,T001-0741
ENTREGA SEGÚN STOCK,2023-06-26,,3.628,3.638,DOLARES,ENVIADA,F001-0699,Aceptado,699,T001-0740
ENTREGA SEGÚN STOCK,2023-06-26,,3.628,3.638,SOLES,ENVIADA,F001-0698,Aceptado,698,T001-0739
ENTREGA SEGÚN STOCK,2023-06-24,,3.628,3.638,DOLARES,ENVIADA,F001-0697,Aceptado,697,T001-0738
ENTREGA SEGÚN STOCK,2023-06-24,,3.628,3.638,SOLES,ENVIADA,F001-0696,Aceptado,696,T001-0737
ENTREGA SEGÚN STOCK,2023-06-23,,3.64,3.645,SOLES,ENVIADA,F001-0695,Aceptado,695,T001-0736
ENTREGA SEGÚN STOCK,2023-06-23,,3.634,3.641,SOLES,ENVIADA,F001-0694,Aceptado,694,T001-0735
ENTREGA SEGÚN STOCK,2023-06-23,,3.634,3.641,SOLES,ENVIADA,F001-0693,Aceptado,693,T001-0734
ENTREGA SEGÚN STOCK,2023-06-23,,3.634,3.641,SOLES,ENVIADA,F001-0692,Aceptado,692,T001-0733
ENTREGA SEGÚN STOCK,2023-06-22,,3.64,3.645,SOLES,ENVIADA,F001-0691,Aceptado,691,T001-0732
ENTREGA SEGÚN STOCK,2023-06-22,,3.64,3.645,SOLES,ENVIADA,F001-0690,Aceptado,690,T001-0731
ENTREGA SEGÚN STOCK,2023-06-22,,3.64,3.645,SOLES,GENERADA,F001-0689,,689,T001-0730
ENTREGA SEGÚN STOCK,2023-06-19,,3.631,3.645,SOLES,ENVIADA,F001-0688,Aceptado,688,T001-0729
ENTREGA SEGÚN STOCK,2023-06-19,,3.631,3.645,SOLES,ENVIADA,F001-0687,Anulado,687,T001-0728
ENTREGA SEGÚN STOCK,2023-06-19,,3.648,3.654,DOLARES,ENVIADA,F001-0686,Aceptado,686,T001-0727
ENTREGA SEGÚN STOCK,2023-06-16,,3.648,3.654,SOLES,ENVIADA,F001-0685,Aceptado,685,T001-0726
ENTREGA SEGÚN STOCK,2023-06-14,,3.641,3.648,SOLES,ENVIADA,F001-0684,Aceptado,684,T001-0725
ENTREGA SEGÚN STOCK,2023-06-14,,3.641,3.648,SOLES,ENVIADA,F001-0683,Aceptado,683,T001-0724
OBRA PUENTE COMUNEROS II,2023-06-13,23-00904-SC,3.671,3.675,SOLES,ENVIADA,F001-0682,Aceptado,682,T001-0723
ENTREGA SEGÚN STOCK,2023-06-13,,3.65,3.658,DOLARES,ENVIADA,F001-0680,Aceptado,680,T001-0722
,2023-06-12,,3.641,3.646,SOLES,ENVIADA,F001-0678,Aceptado,678,T001-0721
,2023-06-12,,3.641,3.646,SOLES,ENVIADA,F001-0677,Aceptado,677,T001-0720
,2023-06-10,,3.641,3.646,SOLES,ENVIADA,F001-0676,Aceptado,676,T001-0719
,2023-06-10,,3.641,3.646,SOLES,ENVIADA,F001-0675,Anulado,675,T001-0718
ENTREGA SEGÚN STOCK,2023-06-09,,3.655,3.661,SOLES,ENVIADA,F001-0674,Aceptado,674,T001-0717
ENTREGA SEGÚN STOCK,2023-06-09,,3.655,3.661,SOLES,ENVIADA,F001-0673,Aceptado,673,T001-0716
,2023-06-09,,3.655,3.661,SOLES,ENVIADA,F001-0672,Aceptado,672,T001-0715
OC : 2722869,2023-06-08,2722869,3.671,3.674,DOLARES,ENVIADA,F001-0671,Aceptado,671,T001-0714
ENTREGA SEGÚN STOCK,2023-06-07,,3.673,3.68,SOLES,ENVIADA,F001-0670,Aceptado,670,T001-0713
"PRODUCTOS EN STOCK DE 10 A 15 DIAS HABILES LA ENTREGA, PARA FABRICACION DE 15 A 20 DIAS HABILES",2023-06-06,23-00860-SC,3.667,3.68,SOLES,ENVIADA,F001-0669,Aceptado,669,T001-0712
"PRODUCTOS EN STOCK DE 10 A 15 DIAS HABILES LA ENTREGA, PARA FABRICACION DE 15 A 20 DIAS HABILES",2023-06-06,23-00813-SC,3.656,3.667,SOLES,ENVIADA,F001-0668,Aceptado,668,T001-0711
ENTREGA SEGÚN STOCK,2023-06-06,,3.676,3.684,SOLES,ENVIADA,F001-0667,Aceptado,667,T001-0710
ENTREGA SEGÚN STOCK,2023-06-06,,3.673,3.68,SOLES,ENVIADA,F001-0666,Aceptado,666,T001-0709
ENTREGA SEGÚN STOCK,2023-06-05,,3.682,3.688,SOLES,ENVIADA,F001-0665,Aceptado,665,T001-0708
ENTREGA SEGÚN STOCK,2023-06-05,,3.682,3.688,SOLES,ENVIADA,F001-0664,Aceptado,664,T001-0707
ENTREGA SEGÚN STOCK,2023-06-05,,3.682,3.688,SOLES,ENVIADA,F001-0663,Aceptado,663,T001-0706
ENTREGA SEGÚN STOCK,2023-06-05,,3.682,3.688,SOLES,ENVIADA,F001-0662,Aceptado,662,T001-0705
ENTREGA SEGÚN STOCK,2023-06-03,,3.682,3.688,SOLES,ENVIADA,F001-0661,Aceptado,661,T001-0704
ENTREGA SEGÚN STOCK,2023-06-03,,3.843,3.848,DOLARES,ENVIADA,F001-0660,Aceptado,660,T001-0703
ENTREGA SEGÚN STOCK,2023-06-02,,3.676,3.684,SOLES,ENVIADA,F001-0659,Aceptado,659,T001-0702
ENTREGA SEGÚN STOCK,2023-06-02,,3.676,3.684,SOLES,ENVIADA,F001-0658,Aceptado,658,T001-0701
"PRODUCTOS EN STOCK DE 10 A 15 DIAS HABILES LA ENTREGA, PARA FABRICACION DE 15 A 20 DIAS HABILES",2023-06-02,23-00808-SC,3.698,3.702,SOLES,ENVIADA,F001-0657,Aceptado,657,T001-0700
"PRODUCTOS EN STOCK DE 10 A 15 DIAS HABILES LA ENTREGA, PARA FABRICACION DE 15 A 20 DIAS HABILES",2023-06-02,23-00785-SC,3.649,3.659,SOLES,ENVIADA,F001-0656,Aceptado,656,T001-0699
ENTREGA SEGÚN STOCK,2023-06-02,,3.676,3.684,SOLES,ENVIADA,F001-0655,Aceptado,655,T001-0698
Segundo Gutierrez Gamboa   DNI: 75702480,2023-06-01,,3.667,3.68,SOLES,ENVIADA,F001-0654,Aceptado,654,T001-0697
"PRODUCTOS EN STOCK DE 10 A 15 DIAS HABILES LA ENTREGA, PARA FABRICACION DE 15 A 20 DIAS HABILES",2023-06-01,23-00813-SC,3.656,3.667,SOLES,ENVIADA,F001-0653,Aceptado,653,T001-0696
ENTREGA SEGÚN STOCK,2023-05-31,,3.671,3.677,SOLES,ENVIADA,F001-0652,Aceptado,652,T001-0695
ENTREGA SEGÚN STOCK,2023-05-31,,3.671,3.677,SOLES,ENVIADA,F001-0651,Aceptado,651,T001-0694
"PRODUCTOS EN STOCK DE 10 A 15 DIAS HABILES LA ENTREGA, PARA FABRICACION DE 15 A 20 DIAS HABILES",2023-05-31,23-00808-SC,3.698,3.702,SOLES,ENVIADA,F001-0650,Aceptado,650,T001-0693
"PRODUCTOS EN STOCK DE 10 A 15 DIAS HABILES LA ENTREGA, PARA FABRICACION DE 15 A 20 DIAS HABILES",2023-05-31,23-00785-SC,3.649,3.659,SOLES,ENVIADA,F001-0649,Aceptado,649,T001-0692
ENTREGA SEGÚN STOCK,2023-05-30,,3.667,3.68,SOLES,ENVIADA,F001-0648,Aceptado,648,T001-0690
"PRODUCTOS EN STOCK DE 10 A 15 DIAS HABILES LA ENTREGA, PARA FABRICACION DE 15 A 20 DIAS HABILES",2023-05-30,23-00808-SC,3.698,3.702,SOLES,ENVIADA,F001-0646,Anulado,646,T001-0689
"PRODUCTOS EN STOCK DE 10 A 15 DIAS HABILES LA ENTREGA, PARA FABRICACION DE 15 A 20 DIAS HABILES",2023-05-30,23-00785-SC,3.649,3.659,SOLES,ENVIADA,F001-0645,Anulado,645,T001-0688
ENTREGA SEGÚN STOCK,2023-05-30,,3.667,3.68,SOLES,ENVIADA,F001-0644,Aceptado,644,T001-0687
ENTREGA SEGÚN STOCK,2023-05-30,,3.667,3.68,SOLES,ENVIADA,F001-0643,Aceptado,643,T001-0686
ENTREGA SEGÚN STOCK,2023-05-29,,3.683,3.69,DOLARES,ENVIADA,F001-0642,Aceptado,642,T001-0685
ENTREGA SEGÚN STOCK,2023-05-29,,3.671,3.675,SOLES,ENVIADA,F001-0641,Aceptado,641,T001-0684
ENTREGA SEGÚN STOCK,2023-05-29,,3.671,3.675,SOLES,ENVIADA,F001-0640,Aceptado,640,T001-0683
ENTREGA SEGÚN STOCK,2023-05-29,,3.671,3.675,SOLES,ENVIADA,F001-0639,Aceptado,639,T001-0682
ENTREGA SEGÚN STOCK,2023-05-27,,3.671,3.675,SOLES,ENVIADA,F001-0638,Aceptado,638,T001-0681
ENTREGA SEGÚN STOCK,2023-05-27,,3.689,3.695,SOLES,ENVIADA,F001-0637,Aceptado,637,T001-0680
ENTREGA SEGÚN STOCK,2023-05-27,,3.671,3.675,SOLES,ENVIADA,F001-0636,Aceptado,636,T001-0679
ENTREGA SEGÚN STOCK,2023-05-27,,3.671,3.675,DOLARES,ENVIADA,F001-0635,Aceptado,635,T001-0678
ENTREGA SEGÚN STOCK,2023-05-26,,3.686,3.695,DOLARES,ENVIADA,F001-0634,Aceptado,634,T001-0677
ENTREGA SEGÚN STOCK,2023-05-26,,3.692,3.698,SOLES,ENVIADA,F001-0633,Aceptado,633,T001-0676
ENTREGA SEGÚN STOCK,2023-05-25,,3.683,3.69,SOLES,ENVIADA,F001-0632,Aceptado,632,T001-0675
ENTREGA SEGÚN STOCK,2023-05-25,,3.683,3.69,SOLES,ENVIADA,F001-0631,Aceptado,631,T001-0674
ENTREGA SEGÚN STOCK,2023-05-24,,3.689,3.695,SOLES,ENVIADA,F001-0630,Aceptado,630,T001-0673
ENTREGA SEGÚN STOCK,2023-05-24,,3.686,3.695,SOLES,ENVIADA,F001-0629,Aceptado,629,T001-0672
ENTREGA SEGÚN STOCK,2023-05-23,,3.686,3.695,SOLES,ENVIADA,F001-0628,Aceptado,628,T001-0671
ENTREGA SEGÚN STOCK,2023-05-23,,3.686,3.695,SOLES,ENVIADA,F001-0627,Aceptado,627,T001-0670
ENTREGA SEGÚN STOCK,2023-05-23,,3.688,3.696,SOLES,ENVIADA,F001-0626,Aceptado,626,T001-0669
E/P MARIA VIRGINIA,2023-05-22,,3.649,3.659,DOLARES,ENVIADA,F001-0624,Aceptado,624,T001-0668
E/P DON PEDRO,2023-05-22,,3.649,3.659,DOLARES,ENVIADA,F001-0623,Aceptado,623,T001-0667
ENTREGA SEGÚN STOCK,2023-05-20,,3.688,3.696,SOLES,ENVIADA,F001-0622,Aceptado,622,T001-0666
ENTREGA SEGÚN STOCK,2023-05-20,AL0006-2023,3.688,3.696,SOLES,ENVIADA,F001-0621,Aceptado,621,T001-0665
ENTREGA SEGÚN STOCK,2023-05-19,,3.698,3.702,SOLES,ENVIADA,F001-0620,Aceptado,620,T001-0664
ENTREGA SEGÚN STOCK,2023-05-19,,3.698,3.702,DOLARES,ENVIADA,F001-0619,Aceptado,619,T001-0663
ENTREGA SEGÚN STOCK,2023-05-18,,3.698,3.702,DOLARES,ENVIADA,F001-0618,Aceptado,618,T001-0662
ENTREGA SEGÚN STOCK,2023-05-18,,3.691,3.697,SOLES,ENVIADA,F001-0616,Aceptado,616,T001-0661
ENTREGA SEGÚN STOCK,2023-05-18,,3.678,3.683,SOLES,ENVIADA,F001-0615,Aceptado,615,T001-0660
ENTREGA SEGÚN STOCK,2023-05-17,,3.678,3.683,DOLARES,ENVIADA,F001-0614,Aceptado,614,T001-0659
ENTREGA SEGÚN STOCK,2023-05-17,,3.678,3.683,SOLES,ENVIADA,F001-0613,Aceptado,613,T001-0658
ENTREGA SEGÚN STOCK,2023-05-17,,3.656,3.667,SOLES,ENVIADA,F001-0612,Aceptado,612,T001-0657
ENTREGA SEGÚN STOCK,2023-05-17,,3.678,3.683,DOLARES,ENVIADA,F001-0611,Aceptado,611,T001-0656
ENTREGA SEGÚN STOCK,2023-05-16,AL0005-2023,3.656,3.667,SOLES,ENVIADA,F001-0610,Aceptado,610,T001-0655
ENTREGA SEGÚN STOCK,2023-05-15,,3.649,3.659,DOLARES,ENVIADA,F001-0609,Aceptado,609,T001-0654
ENTREGA SEGÚN STOCK,2023-05-15,,3.649,3.659,SOLES,ENVIADA,F001-0608,Aceptado,608,T001-0653
ENTREGA SEGÚN STOCK,2023-05-15,,3.649,3.659,DOLARES,ENVIADA,F001-0607,Anulado,607,T001-0652
ENTREGA SEGÚN STOCK,2023-05-13,,3.649,3.659,SOLES,ENVIADA,F001-0606,Aceptado,606,T001-0651
ENTREGA SEGÚN STOCK,2023-05-12,,3.675,3.683,SOLES,ENVIADA,F001-0605,Aceptado,605,T001-0650
ENTREGA SEGÚN STOCK,2023-05-12,,3.675,3.683,SOLES,ENVIADA,F001-0604,Aceptado,604,T001-0649
ENTREGA SEGÚN STOCK,2023-05-11,,3.67,3.678,DOLARES,ENVIADA,F001-0603,Aceptado,603,T001-0648
ENTREGA SEGÚN STOCK,2023-05-11,,3.67,3.678,SOLES,ENVIADA,F001-0602,Aceptado,602,T001-0647
ENTREGA SEGÚN STOCK,2023-05-10,,3.698,3.702,SOLES,ENVIADA,F001-0601,Aceptado,601,T001-0646
ENTREGA SEGÚN STOCK,2023-05-10,,3.698,3.702,SOLES,ENVIADA,F001-0600,Aceptado,600,T001-0645
ENTREGA DE PRODUCTOS DE 5 A 7 DIAS HABILES,2023-05-09,23-00753-SC,3.709,3.717,SOLES,ENVIADA,F001-0599,Aceptado,599,T001-0644
"PRODUCTOS EN STOCK DE 10 A 15 DIAS HABILES LA ENTREGA, PARA FABRICACION DE 15 A 20 DIAS HABILES",2023-05-09,23-00723-SC,3.774,3.781,SOLES,ENVIADA,F001-0598,Aceptado,598,T001-0643
"PRODUCTOS EN STOCK DE 10 A 15 DIAS HABILES LA ENTREGA, PARA FABRICACION DE 15 A 20 DIAS HABILES",2023-05-09,23-00706-SC,3.731,3.737,SOLES,ENVIADA,F001-0597,Aceptado,597,T001-0642
"PRODUCTOS EN STOCK DE 10 A 15 DIAS HABILES LA ENTREGA, PARA FABRICACION DE 15 A 20 DIAS HABILES",2023-05-09,23-00615-SC,3.773,3.78,SOLES,ENVIADA,F001-0596,Aceptado,596,T001-0641
ENTREGA SEGÚN STOCK,2023-05-08,,3.709,3.717,SOLES,ENVIADA,F001-0595,Aceptado,595,T001-0640
ENTREGA SEGÚN STOCK,2023-05-08,,3.704,3.709,SOLES,ENVIADA,F001-0594,Aceptado,594,T001-0639
ENTREGA SEGÚN STOCK,2023-05-06,,3.716,3.719,DOLARES,ENVIADA,F001-0593,Aceptado,593,T001-0638
ENTREGA SEGÚN STOCK,2023-05-06,,3.709,3.717,SOLES,ENVIADA,F001-0592,Aceptado,592,T001-0637
ENTREGA SEGÚN STOCK,2023-05-06,,3.709,3.717,SOLES,ENVIADA,F001-0591,Aceptado,591,T001-0636
ENTREGA SEGÚN STOCK,2023-05-06,,3.709,3.717,SOLES,GENERADA,F001-0590,,590,T001-0635
ENTREGA SEGÚN STOCK,2023-05-06,,3.709,3.717,SOLES,ENVIADA,F001-0589,Aceptado,589,T001-0634
ENTREGA SEGÚN STOCK,2023-05-06,,3.709,3.717,SOLES,ENVIADA,F001-0588,Aceptado,588,T001-0633
ENTREGA SEGÚN STOCK,2023-05-05,,3.709,3.717,DOLARES,ENVIADA,F001-0587,Aceptado,587,T001-0632
ENTREGA SEGÚN STOCK,2023-05-22,,3.716,3.719,DOLARES,ENVIADA,F001-0586,Anulado,586,T001-0631
ENTREGA SEGÚN STOCK,2023-05-05,,3.716,3.719,SOLES,ENVIADA,F001-0585,Aceptado,585,T001-0630
ENTREGA SEGÚN STOCK,2023-05-05,,3.704,3.709,DOLARES,ENVIADA,F001-0584,Aceptado,584,T001-0629
ENTREGA SEGÚN STOCK,2023-05-05,,3.716,3.719,SOLES,ENVIADA,F001-0583,Aceptado,583,T001-0628
ENTREGA SEGÚN STOCK,2023-05-04,,3.704,3.709,SOLES,ENVIADA,F001-0579,Aceptado,579,T001-0627
ENTREGA SEGÚN STOCK,2023-05-04,,3.704,3.709,SOLES,ENVIADA,F001-0578,Aceptado,578,T001-0626
ENTREGA SEGÚN STOCK,2023-05-04,,3.704,3.709,SOLES,ENVIADA,F001-0577,Aceptado,577,T001-0625
ENTREGA SEGÚN STOCK,2023-05-03,,3.706,3.715,SOLES,ENVIADA,F001-0576,Aceptado,576,T001-0624
ENTREGA SEGÚN STOCK,2023-05-03,,3.706,3.715,SOLES,ENVIADA,F001-0575,Aceptado,575,T001-0623
ENTREGA SEGÚN STOCK,2023-05-02,,3.711,3.719,SOLES,ENVIADA,F001-0574,Aceptado,574,T001-0622
ENTREGA SEGÚN STOCK,2023-04-29,,3.711,3.719,SOLES,ENVIADA,F001-0573,Aceptado,573,T001-0621
ENTREGA SEGÚN STOCK,2023-04-28,051-2023,3.711,3.719,DOLARES,ENVIADA,F001-0572,Aceptado,572,T001-0620
ENTREGA SEGÚN STOCK,2023-04-28,,3.731,3.737,DOLARES,ENVIADA,F001-0571,Anulado,571,T001-0619
ENTREGA SEGÚN STOCK,2023-04-28,,3.752,3.762,SOLES,ENVIADA,F001-0570,Aceptado,570,T001-0618
ENTREGA SEGÚN STOCK,2023-04-28,,3.752,3.762,SOLES,ENVIADA,F001-0569,Anulado,569,T001-0616
ENTREGA SEGÚN STOCK,2023-04-27,,3.742,3.75,DOLARES,ENVIADA,F001-0568,Aceptado,568,T001-0615
ENTREGA SEGÚN STOCK,2023-04-27,,3.742,3.75,SOLES,ENVIADA,F001-0567,Aceptado,567,T001-0614
ENTREGA SEGÚN STOCK,2023-04-26,,3.752,3.762,DOLARES,ENVIADA,F001-0565,Aceptado,565,T001-0612
ENTREGA SEGÚN STOCK,2023-04-26,,3.754,3.761,SOLES,GENERADA,F001-0564,,564,T001-0610
ENTREGA SEGÚN STOCK,2023-04-26,,3.752,3.762,SOLES,ENVIADA,F001-0563,Aceptado,563,T001-0609
ENTREGA SEGÚN STOCK,2023-04-26,,3.752,3.762,SOLES,ENVIADA,F001-0562,Aceptado,562,T001-0608
ENTREGA SEGÚN STOCK,2023-04-26,,3.752,3.762,DOLARES,ENVIADA,F001-0561,Aceptado,561,T001-0607
ENTREGA SEGÚN STOCK,2023-04-25,,3.754,3.761,SOLES,ENVIADA,F001-0560,Aceptado,560,T001-0606
ENTREGA SEGÚN STOCK,2023-04-25,,3.754,3.761,SOLES,ENVIADA,F001-0559,Aceptado,559,T001-0605
ENTREGA SEGÚN STOCK,2023-04-25,,3.754,3.761,SOLES,ENVIADA,F001-0558,Aceptado,558,T001-0604
ENTREGA SEGÚN STOCK,2023-04-24,,3.762,3.768,SOLES,ENVIADA,F001-0557,Aceptado,557,T001-0602
ENTREGA SEGÚN STOCK,2023-04-22,,3.762,3.768,DOLARES,ENVIADA,F001-0556,Aceptado,556,T001-0601
ENTREGA SEGÚN STOCK,2023-04-21,,3.762,3.768,SOLES,ENVIADA,F001-0555,Aceptado,555,T001-0600
ENTREGA SEGÚN STOCK,2023-04-21,,3.762,3.768,DOLARES,ENVIADA,F001-0554,Aceptado,554,T001-0599
ENTREGA SEGÚN STOCK,2023-04-21,,3.762,3.768,DOLARES,ENVIADA,F001-0553,Rechazado,553,T001-0598
ENTREGA SEGÚN STOCK,2023-04-20,,3.774,3.781,DOLARES,ENVIADA,F001-0552,Aceptado,552,T001-0597
ENTREGA SEGÚN STOCK,2023-04-20,,3.774,3.781,DOLARES,ENVIADA,F001-0551,Aceptado,551,T001-0596
ENTREGA SEGÚN STOCK,2023-04-20,,3.774,3.781,SOLES,ENVIADA,F001-0550,Aceptado,550,T001-0595
ENTREGA SEGÚN STOCK,2023-04-20,,3.774,3.781,SOLES,ENVIADA,F001-0549,Aceptado,549,T001-0594
ENTREGA SEGÚN STOCK,2023-04-18,,3.778,3.784,SOLES,ENVIADA,F001-0548,Aceptado,548,T001-0592
ENTREGA SEGÚN STOCK,2023-04-17,,3.773,3.78,DOLARES,ENVIADA,F001-0547,Aceptado,547,T001-0591
ENTREGA SEGÚN STOCK,2023-04-17,,3.774,3.777,DOLARES,ENVIADA,F001-0546,Aceptado,546,T001-0590
ENTREGA SEGÚN STOCK,2023-04-17,,3.778,3.784,DOLARES,ENVIADA,F001-0545,Aceptado,545,T001-0589
ENTREGA SEGÚN STOCK,2023-04-17,,3.778,3.784,SOLES,ENVIADA,F001-0544,Aceptado,544,T001-0588
ENTREGA SEGUN STOCK,2023-04-15,,3.773,3.781,SOLES,ENVIADA,F001-0543,Aceptado,543,T001-0587
ENTREGA SEGÚN STOCK,2023-04-14,,3.783,3.787,DOLARES,ENVIADA,F001-0542,Aceptado,542,T001-0586
ENTREGA SEGÚN STOCK,2023-04-14,,3.774,3.777,SOLES,ENVIADA,F001-0541,Aceptado,541,T001-0585
ENTREGA SEGÚN STOCK,2023-04-14,,3.774,3.777,SOLES,ENVIADA,F001-0540,Aceptado,540,T001-0584
ENTREGA SEGÚN STOCK,2023-04-14,,3.774,3.777,SOLES,GENERADA,F001-0539,,539,T001-0583
,2023-04-14,,3.769,3.774,SOLES,ENVIADA,F001-0538,Aceptado,538,T001-0582
ENTREGA SEGÚN STOCK,2023-04-13,,3.773,3.78,SOLES,ENVIADA,F001-0537,Aceptado,537,T001-0581
ENTREGA SEGÚN STOCK,2023-04-13,,3.773,3.780,SOLES,ENVIADA,F001-0536,Aceptado,536,T001-0580
ENTREGA SEGÚN STOCK,2023-04-13,,3.773,3.78,SOLES,ENVIADA,F001-0535,Anulado,535,T001-0579
ENTREGA SEGÚN STOCK,2023-04-13,,3.773,3.78,SOLES,ENVIADA,F001-0534,Aceptado,534,T001-0578
ENTREGA SEGÚN STOCK,2023-04-12,,3.783,3.787,SOLES,ENVIADA,F001-0533,Aceptado,533,T001-0577
ENTREGA SEGÚN STOCK,2023-04-11,,3.773,3.781,DOLARES,ENVIADA,F001-0532,Aceptado,532,T001-0576
ENTREGA SEGÚN STOCK,2023-04-11,,3.769,3.774,SOLES,ENVIADA,F001-0531,Aceptado,531,T001-0575
ENTREGA SEGÚN STOCK,2023-04-11,,3.773,3.781,DOLARES,ENVIADA,F001-0530,Aceptado,530,T001-0574
ENTREGA SEGÚN STOCK,2023-04-10,,3.769,3.774,SOLES,ENVIADA,F001-0529,Aceptado,529,T001-0572
ENTREGA SEGÚN STOCK,2023-04-05,,3.769,3.774,SOLES,ENVIADA,F001-0528,Aceptado,528,T001-0571
ENTREGA SEGÚN STOCK,2023-04-05,,3.769,3.773,SOLES,ENVIADA,F001-0527,Aceptado,527,T001-0570
ENTREGA SEGÚN STOCK,2023-04-05,,3.769,3.773,SOLES,ENVIADA,F001-0526,Aceptado,526,T001-0569
ENTREGA SEGÚN STOCK,2023-04-05,,3.769,3.773,SOLES,ENVIADA,F001-0525,Aceptado,525,T001-0568
ENTREGA SEGÚN STOCK,2023-04-05,,3.755,3.761,DOLARES,ENVIADA,F001-0524,Aceptado,524,T001-0567
ENTREGA SEGÚN STOCK,2023-04-04,,3.765,3.772,SOLES,ENVIADA,F001-0523,Aceptado,523,T001-0566
ENTREGA SEGÚN STOCK,2023-04-03,,3.758,3.765,SOLES,ENVIADA,F001-0522,Aceptado,522,T001-0565
ENTREGA SEGÚN STOCK,2023-04-03,,3.758,3.765,SOLES,ENVIADA,F001-0521,Aceptado,521,T001-0564
ENTREGA SEGÚN STOCK,2023-04-03,,3.758,3.765,SOLES,ENVIADA,F001-0520,Aceptado,520,T001-0563
ENTREGA SEGÚN STOCK,2023-04-03,2023-01/04,3.831,3.836,DOLARES,ENVIADA,F001-0519,Aceptado,519,T001-0562
ENTREGA SEGÚN STOCK,2023-04-01,,3.758,3.765,DOLARES,ENVIADA,F001-0518,Aceptado,518,T001-0560
ENTREGA SEGÚN STOCK,2023-03-31,,3.755,3.761,DOLARES,ENVIADA,F001-0517,Aceptado,517,T001-0559
ENTREGA SEGÚN STOCK,2023-03-31,,3.755,3.761,DOLARES,ENVIADA,F001-0516,Aceptado,516,T001-0558
ENTREGA SEGÚN STOCK,2023-03-31,,3.755,3.761,DOLARES,ENVIADA,F001-0515,Aceptado,515,T001-0557
ENTREGA SEGÚN STOCK,2023-03-30,,3.755,3.759,SOLES,ENVIADA,F001-0514,Aceptado,514,T001-0556
ENTREGA SEGÚN STOCK,2023-03-30,,3.755,3.759,SOLES,ENVIADA,F001-0513,Aceptado,513,T001-0555
"PRODUCTOS EN STOCK DE 10 A 15 DIAS HABILES LA ENTREGA, PARA FABRICACION DE 15 A 20 DIAS HABILES",2023-03-30,23-00404-SC,3.784,3.788,SOLES,ENVIADA,F001-0512,Aceptado,512,T001-0554
ENTREGA SEGÚN STOCK,2023-03-30,,3.755,3.759,SOLES,ENVIADA,F001-0511,Aceptado,511,T001-0553
"PRODUCTOS EN STOCK DE 10 A 15 DIAS HABILES LA ENTREGA, PARA FABRICACION DE 15 A 20 DIAS HABILES",2023-03-30,23-00404-SC,3.784,3.788,SOLES,ENVIADA,F001-0510,Anulado,510,T001-0552
"PRODUCTOS EN STOCK DE 10 A 15 DIAS HABILES LA ENTREGA, PARA FABRICACION DE 15 A 20 DIAS HABILES",2023-03-30,23-00461-SC,3.765,3.77,SOLES,ENVIADA,F001-0509,Aceptado,509,T001-0551
ENTREGA SEGÚN STOCK,2023-03-30,,3.755,3.759,SOLES,ENVIADA,F001-0508,Aceptado,508,T001-0550
ENTREGA SEGÚN STOCK,2023-03-30,,3.763,3.768,SOLES,ENVIADA,F001-0507,Aceptado,507,T001-0549
ENTREGA SEGÚN STOCK,2023-03-30,,3.763,3.768,SOLES,ENVIADA,F001-0506,Aceptado,506,T001-0548
ENTREGA SEGÚN STOCK,2023-03-30,,3.755,3.759,SOLES,ENVIADA,F001-0505,Aceptado,505,T001-0547
ENTREGA SEGÚN STOCK,2023-03-30,,3.763,3.768,DOLARES,ENVIADA,F001-0504,Aceptado,504,T001-0546
ENTREGA SEGÚN STOCK,2023-03-29,2721726,3.763,3.768,DOLARES,ENVIADA,F001-0503,Aceptado,503,T001-0545
VALENTINA-PM-CARENA GENERAL DE CASCO,2023-03-29,4500739354,3.763,3.768,DOLARES,ENVIADA,F001-0502,Aceptado,502,T001-0544
ENTREGA SEGÚN STOCK,2023-03-29,,3.763,3.768,SOLES,ENVIADA,F001-0501,Aceptado,501,T001-0543
ENTREGA SEGÚN STOCK,2023-03-29,,3.763,3.768,SOLES,ENVIADA,F001-0500,Aceptado,500,T001-0542
ENTREGA SEGÚN STOCK,2023-03-29,,3.763,3.768,SOLES,ENVIADA,F001-0499,Aceptado,499,T001-0541
ENTREGA SEGÚN STOCK,2023-03-28,,3.765,3.772,SOLES,ENVIADA,F001-0498,Aceptado,498,T001-0540
ENTREGA SEGÚN STOCK,2023-03-28,,3.764,3.773,SOLES,ENVIADA,F001-0497,Aceptado,497,T001-0538
ENTREGA SEGÚN STOCK,2023-03-28,,3.765,3.772,DOLARES,ENVIADA,F001-0496,Aceptado,496,T001-0537
ENTREGA SEGÚN STOCK,2023-03-28,,3.765,3.772,DOLARES,ENVIADA,F001-0495,Aceptado,495,T001-0536
ENTREGA SEGÚN STOCK,2023-03-28,2023-11/03,3.764,3.773,DOLARES,ENVIADA,F001-0494,Aceptado,494,T001-0535
ENTREGA SEGÚN STOCK,2023-03-28,,3.765,3.772,SOLES,ENVIADA,F001-0493,Aceptado,493,T001-0534
ENTREGA SEGÚN STOCK,2023-03-28,,3.765,3.772,SOLES,ENVIADA,F001-0492,Aceptado,492,T001-0533
ENTREGA SEGÚN STOCK,2023-03-28,,3.764,3.773,SOLES,ENVIADA,F001-0491,Aceptado,491,T001-0532
ENTREGA SEGÚN STOCK,2023-03-27,,3.762,3.767,SOLES,ENVIADA,F001-0490,Aceptado,490,T001-0531
ENTREGA SEGÚN STOCK,2023-03-27,,3.764,3.773,SOLES,ENVIADA,F001-0489,Aceptado,489,T001-0530
ENTREGA SEGÚN STOCK,2023-03-27,,3.764,3.773,DOLARES,ENVIADA,F001-0488,Aceptado,488,T001-0529
ENTREGA SEGÚN STOCK,2023-03-27,,3.764,3.773,SOLES,ENVIADA,F001-0487,Aceptado,487,T001-0528
ENTREGA SEGÚN STOCK,2023-03-27,,3.764,3.773,SOLES,ENVIADA,F001-0486,Anulado,486,T001-0527
ENTREGA SEGÚN STOCK,2023-03-25,,3.764,3.773,SOLES,ENVIADA,F001-0485,Aceptado,485,T001-0526
ENTREGA SEGÚN STOCK,2023-03-25,,3.764,3.773,DOLARES,ENVIADA,F001-0484,Aceptado,484,T001-0524
ENTREGA SEGÚN STOCK,2023-03-24,,3.762,3.767,SOLES,ENVIADA,F001-0483,Aceptado,483,T001-0523
ENTREGA SEGÚN STOCK,2023-03-24,,3.762,3.767,SOLES,ENVIADA,F001-0482,Aceptado,482,T001-0522
ENTREGA SEGÚN STOCK,2023-03-24,,3.762,3.767,SOLES,ENVIADA,F001-0481,Aceptado,481,T001-0521
ENTREGA SEGÚN STOCK,2023-03-24,,3.762,3.767,DOLARES,ENVIADA,F001-0480,Aceptado,480,T001-0520
ENTREGA SEGÚN STOCK,2023-03-23,2023-01/03,3.831,3.836,DOLARES,ENVIADA,F001-0479,Aceptado,479,T001-0518
ENTREGA SEGÚN STOCK,2023-03-23,,3.767,3.774,SOLES,ENVIADA,F001-0478,Aceptado,478,T001-0517
ENTREGA SEGÚN STOCK,2023-03-23,,3.767,3.774,SOLES,ENVIADA,F001-0477,Aceptado,477,T001-0516
ENTREGA SEGÚN STOCK,2023-03-23,,3.767,3.774,SOLES,ENVIADA,F001-0476,Aceptado,476,T001-0515
ENTREGA SEGÚN STOCK,2023-03-22,,3.765,3.77,DOLARES,ENVIADA,F001-0475,Aceptado,475,T001-0514
ENTREGA SEGÚN STOCK,2023-03-21,,3.779,3.785,SOLES,ENVIADA,F001-0474,Aceptado,474,T001-0513
ENTREGA SEGÚN STOCK,2023-03-21,,3.781,3.786,SOLES,ENVIADA,F001-0473,Aceptado,473,T001-0512
ENTREGA SEGÚN STOCK,2023-03-18,,3.792,3.798,SOLES,ENVIADA,F001-0472,Aceptado,472,T001-0511
ENTREGA SEGÚN STOCK,2023-03-18,,3.792,3.798,SOLES,ENVIADA,F001-0471,Aceptado,471,T001-0510
ENTREGA SEGÚN STOCK,2023-03-17,,3.796,3.801,SOLES,ENVIADA,F001-0470,Aceptado,470,T001-0509
,2023-03-17,,3.796,3.801,SOLES,ENVIADA,F001-0469,Aceptado,469,T001-0508
ENTREGA SEGÚN STOCK,2023-03-16,,3.804,3.808,SOLES,ENVIADA,F001-0468,Aceptado,468,T001-0507
ENTREGA SEGÚN STOCK,2023-03-16,,3.804,3.808,SOLES,ENVIADA,F001-0467,Aceptado,467,T001-0506
ENTREGA SEGÚN STOCK,2023-03-16,,3.785,3.789,DOLARES,ENVIADA,F001-0466,Aceptado,466,T001-0505
ENTREGA SEGÚN STOCK,2023-03-15,4500737536,3.781,3.786,DOLARES,ENVIADA,F001-0465,Aceptado,465,T001-0504
ENTREGA SEGÚN STOCK,2023-03-15,,3.781,3.786,DOLARES,ENVIADA,F001-0464,Aceptado,464,T001-0502
ENTREGA SEGÚN STOCK,2023-03-13,,3.781,3.786,SOLES,ENVIADA,F001-0463,Aceptado,463,T001-0501
ENTREGA SEGÚN STOCK,2023-03-13,,3.781,3.786,SOLES,ENVIADA,F001-0462,Aceptado,462,T001-0498
ENTREGA SEGÚN STOCK,2023-03-13,,3.781,3.786,SOLES,ENVIADA,F001-0461,Aceptado,461,T001-0497
ENTREGA SEGÚN STOCK,2023-03-10,,3.784,3.789,DOLARES,ENVIADA,F001-0460,Aceptado,460,T001-0496
ENTREGA SEGÚN STOCK,2023-03-09,,3.784,3.789,DOLARES,ENVIADA,F001-0459,Aceptado,459,T001-0494
ENTREGA SEGÚN STOCK,2023-03-08,,3.784,3.789,SOLES,ENVIADA,F001-0458,Aceptado,458,T001-0493
ENTREGA SEGÚN STOCK,2023-03-08,,3.784,3.789,DOLARES,ENVIADA,F001-0457,Aceptado,457,T001-0492
ENTREGA SEGÚN STOCK,2023-03-08,,3.784,3.788,SOLES,ENVIADA,F001-0456,Aceptado,456,T001-0491
ENTREGA SEGÚN STOCK,2023-03-07,,3.784,3.788,SOLES,ENVIADA,F001-0455,Aceptado,455,T001-0490
ENTREGA SEGÚN STOCK,2023-03-07,,3.782,3.789,DOLARES,ENVIADA,F001-0454,Aceptado,454,T001-0489
ENTREGA SEGÚN STOCK,2023-03-07,,3.782,3.789,SOLES,ENVIADA,F001-0453,Aceptado,453,T001-0488
ENTREGA SEGÚN STOCK,2023-03-06,,3.779,3.784,SOLES,ENVIADA,F001-0452,Aceptado,452,T001-0487
,2023-03-04,,3.782,3.789,SOLES,ENVIADA,F001-0451,Aceptado,451,T001-0486
ENTREGA SEGÚN STOCK,2023-03-04,,3.782,3.789,SOLES,ENVIADA,F001-0450,Aceptado,450,T001-0485
"PRODUCTOS EN STOCK DE 7 A 10 DIAS HABILES LA ENTREGA, PARA FABRICACION DE 10 A 15 DIAS HABILES",2023-03-04,23-00190-SC,3.824,3.829,SOLES,ENVIADA,F001-0449,Aceptado,449,T001-0484
"PRODUCTOS EN STOCK DE 7 A 10 DIAS HABILES LA ENTREGA, PARA FABRICACION DE 10 A 15 DIAS HABILES",2023-03-04,23-00190-SC,3.824,3.829,SOLES,ENVIADA,F001-0448,Aceptado,448,T001-0483
"LOS PRODUCTOS QUE HAY EN STOCK ENTREGA DE 7 A 10 DÍAS HÁBILES, Y LOS QUE ESTÁN PARA FABRICACIÓN DE 10 A 15 DÍAS HÁBILES ",2023-03-04,23-00223-SC,3.863,3.869,SOLES,ENVIADA,F001-0447,Aceptado,447,T001-0482
"PRODUCTOS EN STOCK ENTREGA DE 7 A 10 DIAS HABILES, PARA FABRICACION DE 15 A 20 DIAS HABILES",2023-03-04,23-00276-SC,3.862,3.868,SOLES,ENVIADA,F001-0446,Aceptado,446,T001-0481
"PRODUCTOS EN STOCK ENTREGA DE 7 A 10 DIAS HABILES, PARA FABRICACION DE 15 A 20 DIAS HABILES",2023-03-04,23-00276-SC,3.862,3.868,SOLES,ENVIADA,F001-0445,Aceptado,445,T001-0480
ENTREGA DE 7 A 10 DÍAS HÁBILES,2023-03-04,23-00296-SC,3.81,3.82,SOLES,ENVIADA,F001-0444,Aceptado,444,T001-0479
ENTREGA SEGÚN STOCK,2023-03-04,,3.782,3.789,SOLES,ENVIADA,F001-0443,Aceptado,443,T001-0478
ENTREGA SEGÚN STOCK,2023-03-03,,3.779,3.784,SOLES,ENVIADA,F001-0441,Aceptado,441,T001-0477
ENTREGA SEGÚN STOCK,2023-03-03,,3.779,3.784,DOLARES,ENVIADA,F001-0440,Aceptado,440,T001-0475
ENTREGA SEGÚN STOCK,2023-03-02,,3.811,3.816,DOLARES,GENERADA,F001-0439,,439,T001-0474
ENTREGA SEGÚN STOCK,2023-03-02,,3.811,3.816,DOLARES,ENVIADA,F001-0438,Aceptado,438,T001-0473
ENTREGA SEGÚN STOCK,2023-03-02,,3.779,3.784,SOLES,ENVIADA,F001-0437,Aceptado,437,T001-0472
ENTREGA SEGÚN STOCK,2023-03-01,,3.803,3.81,SOLES,ENVIADA,F001-0436,Aceptado,436,T001-0471
ENTREGA SEGÚN STOCK,2023-03-01,4500736074,3.811,3.816,DOLARES,ENVIADA,F001-0435,Aceptado,435,T001-0470
ENTREGA SEGÚN STOCK,2023-02-28,,3.811,3.816,SOLES,ENVIADA,F001-0434,Aceptado,434,T001-0469
ENTREGA SEGÚN STOCK,2023-02-28,,3.811,3.816,SOLES,ENVIADA,F001-0433,Aceptado,433,T001-0468
ENTREGA SEGÚN STOCK,2023-02-28,,3.811,3.816,SOLES,ENVIADA,F001-0432,Aceptado,432,T001-0467
ENTREGA SEGÚN STOCK,2023-02-28,,3.811,3.816,SOLES,ENVIADA,F001-0431,Aceptado,431,T001-0465
ENTREGA SEGÚN STOCK,2023-02-28,,3.811,3.816,DOLARES,ENVIADA,F001-0430,Aceptado,430,T001-0464
ENTREGA SEGÚN STOCK,2023-02-27,,3.81,3.82,SOLES,ENVIADA,F001-0429,Aceptado,429,T001-0463
ENTREGA SEGÚN STOCK,2023-02-27,,3.81,3.82,SOLES,ENVIADA,F001-0428,Aceptado,428,T001-0462
ENTREGA SEGÚN STOCK,2023-02-27,,3.8,3.805,DOLARES,ENVIADA,F001-0427,Aceptado,427,T001-0461
,2023-02-27,,3.81,3.82,SOLES,ENVIADA,F001-0426,Aceptado,426,T001-0460
,2023-02-24,,3.8,3.805,SOLES,ENVIADA,F001-0425,Aceptado,425,T001-0459
ENTREGA SEGÚN STOCK,2023-02-24,,3.8,3.805,SOLES,ENVIADA,F001-0424,Aceptado,424,T001-0458
ENTREGA SEGÚN STOCK,2023-02-23,,3.821,3.827,SOLES,ENVIADA,F001-0423,Aceptado,423,T001-0457
ENTREGA SEGÚN STOCK,2023-02-23,,3.821,3.827,SOLES,ENVIADA,F001-0422,Aceptado,422,T001-0456
ENTREGA SEGÚN STOCK,2023-02-22,,3.831,3.836,DOLARES,ENVIADA,F001-0419,Aceptado,419,T001-0455
ENTREGA SEGÚN STOCK,2023-02-22,,3.831,3.836,DOLARES,ENVIADA,F001-0418,Aceptado,418,T001-0454
ENTREGA SEGÚN STOCK,2023-02-21,,3.84,3.85,SOLES,ENVIADA,F001-0417,Aceptado,417,T001-0453
ENTREGA SEGÚN STOCK,2023-02-20,,3.839,3.849,SOLES,ENVIADA,F001-0416,Aceptado,416,T001-0451
ENTREGA SEGÚN STOCK,2023-02-20,,3.839,3.849,DOLARES,ENVIADA,F001-0415,Aceptado,415,T001-0449
ENTREGA SEGÚN STOCK,2023-02-20,,3.839,3.849,SOLES,ENVIADA,F001-0414,Aceptado,414,T001-0448
ENTREGA SEGÚN STOCK,2023-02-20,,3.839,3.849,SOLES,ENVIADA,F001-0413,Aceptado,413,T001-0447
"LOS PRODUCTOS QUE HAY EN STOCK ENTREGA DE 7 A 10 DÍAS HÁBILES, Y LOS DE ESTÁN PARA FABRICACIÓN DE 10 A 15 DÍAS HÁBILES",2023-02-20,OC : 23-00190-SC,3.824,3.829,SOLES,ENVIADA,F001-0412,Aceptado con Obs.,412,T001-0446
"LOS PRODUCTOS QUE HAY EN STOCK ENTREGA DE 7 A 10 DÍAS HÁBILES, Y LOS QUE ESTÁN PARA FABRICACIÓN DE 10 A 15 DÍAS HÁBILES ",2023-02-18,OC: 23-00223-SC,3.863,3.869,SOLES,ENVIADA,F001-0411,Aceptado con Obs.,411,T001-0445
"LOS PRODUCTOS QUE HAY EN STOCK ENTREGA DE 7 A 10 DÍAS HÁBILES, Y LOS QUE ESTÁN PARA FABRICACIÓN DE 10 A 15 DÍAS HÁBILES ",2023-02-18,OC: 23-00190-SC,3.824,3.829,SOLES,ENVIADA,F001-0410,Aceptado con Obs.,410,T001-0444
"LOS PRODUCTOS QUE HAY EN STOCK ENTREGA DE 7 A 10 DÍAS HÁBILES, Y LOS QUE ESTÁN PARA FABRICACIÓN DE 10 A 15 DÍAS HÁBILES ",2023-02-18,OC: 23-00223-SC,3.863,3.869,SOLES,ENVIADA,F001-0409,Rechazado,409,T001-0443
"PRODUCTOS EN STOCK DE 7 A 10 DIAS HABILES LA ENTREGA, PARA FABRICACION DE 10 A 15 DIAS HABILES",2023-02-17,OC: 23-00190-SC,3.824,3.829,SOLES,ENVIADA,F001-0408,Anulado,408,T001-0442
ENTREGA SEGÚN STOCK,2023-02-17,,3.862,3.868,DOLARES,ENVIADA,F001-0407,Aceptado,407,T001-0441
"LOS PRODUCTOS QUE HAY EN STOCK ENTREGA DE 7 A 10 DÍAS HÁBILES, Y LOS QUE ESTÁN PARA FABRICACIÓN DE 10 A 15 DÍAS HÁBILES ",2023-02-17,OC: 23-00223-SC,3.863,3.869,SOLES,ENVIADA,F001-0406,Anulado,406,T001-0440
"TIEMPO DE ENTREGA DE 7 A 10 DÍAS HÁBILES, APARTIR DE LA FECHA DE CONFIRMACION DEL PEDIDO",2023-02-17,OC: 23-00158-SC,3.844,3.851,SOLES,ENVIADA,F001-0405,Aceptado con Obs.,405,T001-0439
ENTREGA SEGÚN STOCK,2023-02-17,,3.862,3.868,SOLES,ENVIADA,F001-0404,Aceptado,404,T001-0437
"TIEMPO DE ENTREGA DE 7 A 10 DÍAS HÁBILES, APARTIR DE LA FECHA DE CONFIRMACION DEL PEDIDO",2023-02-17,OC: 23-00158-SC,3.844,3.851,SOLES,ENVIADA,F001-0403,Rechazado,403,T001-0436
ENTREGA SEGÚN STOCK,2023-02-17,,3.862,3.868,SOLES,ENVIADA,F001-0402,Aceptado,402,T001-0434
ENTREGA SEGÚN STOCK,2023-02-15,,3.858,3.861,SOLES,ENVIADA,F001-0401,Aceptado,401,T001-0433
,2023-02-14,,3.849,3.854,SOLES,ENVIADA,F001-0400,Aceptado,400,T001-0432
,2023-02-14,,3.849,3.854,SOLES,GENERADA,F001-0399,,399,T001-0431
ENTREGA SEGÚN STOCK,2023-02-14,,3.849,3.854,DOLARES,ENVIADA,F001-0398,Aceptado,398,T001-0430
ENTREGA SEGÚN STOCK,2023-02-14,,3.852,3.859,DOLARES,ENVIADA,F001-0397,Aceptado,397,T001-0429
ENTREGA SEGÚN STOCK,2023-02-14,,3.853,3.858,DOLARES,ENVIADA,F001-0396,Aceptado,396,T001-0428
ENTREGA SEGÚN STOCK,2023-02-13,,3.853,3.858,DOLARES,ENVIADA,F001-0395,Aceptado,395,T001-0427
ENTREGA SEGÚN STOCK,2023-02-13,,3.853,3.858,SOLES,ENVIADA,F001-0394,Aceptado,394,T001-0426
ENTREGA SEGÚN STOCK,2023-02-11,,3.843,3.848,DOLARES,ENVIADA,F001-0393,Aceptado,393,T001-0425
ENTREGA SEGÚN STOCK,2023-02-11,,3.853,3.858,DOLARES,ENVIADA,F001-0392,Aceptado,392,T001-0424
Ananias Chupillon Valera  cel: 994 469 540,2023-02-10,,3.863,3.869,SOLES,ENVIADA,F001-0391,Aceptado,391,T001-0423
ENTREGA SEGÚN STOCK,2023-02-10,,3.863,3.869,DOLARES,ENVIADA,F001-0390,Aceptado,390,T001-0421
ENTREGA SEGÚN STOCK,2023-02-09,,3.852,3.856,SOLES,ENVIADA,F001-0389,Aceptado,389,T001-0420
ENTREGA SEGÚN STOCK,2023-02-09,,3.843,3.848,SOLES,ENVIADA,F001-0388,Aceptado,388,T001-0419
ENTREGA SEGÚN STOCK,2023-02-08,,3.843,3.848,DOLARES,ENVIADA,F001-0387,Aceptado,387,T001-0418
ENTREGA SEGÚN STOCK,2023-02-08,,3.843,3.848,SOLES,ENVIADA,F001-0386,Aceptado,386,T001-0416
ENTREGA SEGÚN STOCK,2023-02-08,,3.843,3.848,DOLARES,ENVIADA,F001-0385,Aceptado,385,T001-0415
ENTREGA SEGÚN STOCK,2023-02-08,,3.849,3.855,DOLARES,ENVIADA,F001-0384,Aceptado,384,T001-0414
ENTREGA SEGÚN STOCK,2023-02-07,,3.849,3.855,DOLARES,ENVIADA,F001-0383,Aceptado,383,T001-0413
ENTREGA SEGÚN STOCK,2023-02-07,,3.843,3.848,DOLARES,ENVIADA,F001-0382,Aceptado,382,T001-0412
ENTREGA SEGÚN STOCK,2023-02-06,,3.843,3.847,SOLES,ENVIADA,F001-0381,Aceptado,381,T001-0411
ENTREGA SEGÚN STOCK,2023-02-06,,3.843,3.847,DOLARES,ENVIADA,F001-0380,Aceptado,380,T001-0410
ENTREGA SEGÚN STOCK,2023-02-04,,3.83,3.835,DOLARES,ENVIADA,F001-0379,Aceptado,379,T001-0409
ENTREGA SEGÚN STOCK,2023-02-03,,3.83,3.835,DOLARES,ENVIADA,F001-0378,Aceptado,378,T001-0408
ENTREGA SEGÚN STOCK,2023-02-03,,3.83,3.835,DOLARES,ENVIADA,F001-0377,Aceptado,377,T001-0407
ENTREGA SEGUN STOCK ,2023-02-02,,3.843,3.848,DOLARES,ENVIADA,F001-0376,Aceptado,376,T001-0406
E/P ENRIQUE,2023-02-02,,3.824,3.829,SOLES,ENVIADA,F001-0375,Aceptado,375,T001-0405
ENTREGA SEGÚN STOCK,2023-02-02,,3.853,3.859,DOLARES,ENVIADA,F001-0374,Aceptado,374,T001-0404
ENTREGA SEGÚN STOCK,2023-02-01,,3.844,3.851,DOLARES,ENVIADA,F001-0373,Aceptado,373,T001-0402
ENTREGA SEGÚN STOCK,2023-02-01,,3.844,3.851,DOLARES,ENVIADA,F001-0372,Aceptado,372,T001-0403
ENTREGA SEGÚN STOCK,2023-02-01,,3.853,3.859,DOLARES,ENVIADA,F001-0371,Aceptado,371,T001-0400
ENTREGA SEGÚN STOCK,2023-02-01,,3.844,3.851,SOLES,ENVIADA,F001-0370,Aceptado,370,T001-0399
ENTREGA SEGÚN STOCK,2023-01-31,,3.853,3.859,DOLARES,ENVIADA,F001-0367,Aceptado,367,T001-0398
ENTREGA SEGÚN STOCK,2023-01-31,,3.853,3.859,DOLARES,ENVIADA,F001-0366,Aceptado,366,T001-0396
ENTREGA SEGÚN STOCK,2023-01-30,,3.824,3.829,DOLARES,ENVIADA,F001-0365,Aceptado,365,T001-0395
ENTREGA SEGÚN STOCK,2023-01-30,,3.824,3.829,SOLES,ENVIADA,F001-0364,Aceptado,364,T001-0394
ENTREGA SEGÚN STOCK,2023-01-28,,3.857,3.861,SOLES,ENVIADA,F001-0363,Aceptado,363,T001-0393
ENTREGA SEGUN STOCK,2023-01-28,,3.861,3.867,DOLARES,ENVIADA,F001-0362,Aceptado,362,T001-0392
ENTREGA SEGÚN STOCK,2023-01-28,,3.861,3.867,DOLARES,ENVIADA,F001-0361,Aceptado,361,T001-0391
ENTREGA SEGÚN STOCK,2023-01-28,,3.824,3.829,DOLARES,ENVIADA,F001-0360,Aceptado,360,T001-0387
ENTREGA SEGÚN STOCK,2023-01-28,,3.861,3.867,DOLARES,ENVIADA,F001-0359,Aceptado,359,T001-0388
ENTREGA SEGÚN STOCK,2023-01-27,,3.861,3.867,DOLARES,ENVIADA,F001-0358,Aceptado,358,T001-0385
ENTREGA SEGÚN STOCK,2023-01-27,,3.861,3.867,DOLARES,ENVIADA,F001-0357,Aceptado,357,T001-0384
ENTREGA SEGÚN STOCK,2023-01-26,,3.892,3.9,DOLARES,ENVIADA,F001-0356,Aceptado,356,T001-0383
ENTREGA SEGÚN STOCK,2023-01-26,,3.892,3.9,DOLARES,ENVIADA,F001-0355,Aceptado,355,T001-0382
,2023-01-26,,3.892,3.9,SOLES,ENVIADA,F001-0354,Aceptado,354,T001-0381
ENTREGA SEGÚN STOCK,2023-01-26,,3.892,3.9,SOLES,ENVIADA,F001-0353,Aceptado,353,T001-0379
ENTREGA SEGÚN STOCK,2023-01-26,,3.88,3.885,DOLARES,ENVIADA,F001-0352,Aceptado,352,T001-0378
ENTREGA SEGÚN STOCK,2023-01-25,,3.88,3.885,DOLARES,ENVIADA,F001-0351,Aceptado,351,T001-0377
ENTREGA SEGÚN STOCK,2023-01-25,,3.88,3.885,DOLARES,ENVIADA,F001-0350,Aceptado,350,T001-0376
ENTREGA SEGÚN STOCK,2023-01-25,,3.866,3.873,SOLES,ENVIADA,F001-0349,Aceptado,349,T001-0375
ENTREGA SEGÚN STOCK,2023-01-25,,3.88,3.885,DOLARES,ENVIADA,F001-0348,Aceptado,348,T001-0374
ENTREGA SEGÚN STOCK,2023-01-23,,3.802,3.806,SOLES,ENVIADA,F001-0347,Aceptado,347,T001-0373
ENTREGA SEGÚN STOCK,2023-01-23,,3.852,3.859,DOLARES,ENVIADA,F001-0346,Aceptado,346,T001-0369
ENTREGA SEGÚN STOCK,2023-01-23,,3.852,3.859,DOLARES,ENVIADA,F001-0345,Aceptado,345,T001-0368
ENTREGA SEGÚN STOCK,2023-01-20,,3.857,3.861,SOLES,ENVIADA,F001-0344,Aceptado,344,T001-0367
ENTREGA SEGÚN STOCK,2023-01-20,,3.829,3.836,DOLARES,ENVIADA,F001-0343,Aceptado,343,T001-0366
ENTREGA SEGÚN STOCK,2023-01-20,,3.857,3.861,DOLARES,ENVIADA,F001-0342,Aceptado,342,T001-0365
ENTREGA SEGÚN STOCK,2023-01-20,,3.857,3.861,DOLARES,ENVIADA,F001-0341,Aceptado,341,T001-0364
ENTREGA SEGÚN STOCK,2023-01-19,,3.829,3.836,SOLES,ENVIADA,F001-0340,Aceptado,340,T001-0362
ENTREGA SEGÚN STOCK,2023-01-19,,3.829,3.836,SOLES,ENVIADA,F001-0339,Aceptado,339,T001-0361
ENTREGA SEGÚN STOCK,2023-01-18,,3.837,3.842,SOLES,ENVIADA,F001-0338,Aceptado,338,T001-0360
ENTREGA SEGÚN STOCK,2023-01-18,,3.837,3.842,DOLARES,ENVIADA,F001-0337,Aceptado,337,T001-0359
ENTREGA SEGÚN STOCK,2023-01-18,,3.837,3.842,SOLES,ENVIADA,F001-0336,Anulado,336,T001-0358
ENTREGA SEGÚN STOCK,2023-01-18,,3.837,3.842,SOLES,ENVIADA,F001-0335,Aceptado,335,T001-0357
ENTREGA SEGUN STOCK,2023-01-17,,3.815,3.822,SOLES,ENVIADA,F001-0334,Aceptado,334,T001-0356
ENTREGA SEGÚN STOCK,2023-01-17,,3.815,3.822,SOLES,ENVIADA,F001-0333,Aceptado,333,T001-0350
ENTREGA SEGÚN STOCK,2023-01-17,,3.802,3.806,SOLES,ENVIADA,F001-0332,Aceptado,332,T001-0349
ENTREGA SEGÚN STOCK,2023-01-14,,3.802,3.806,DOLARES,ENVIADA,F001-0331,Aceptado,331,T001-0348
ENTREGA SEGÚN STOCK,2023-01-14,,3.802,3.806,DOLARES,ENVIADA,F001-0330,Aceptado,330,T001-0347
ENTREGA SEGÚN STOCK,2023-01-14,,3.802,3.806,SOLES,ENVIADA,F001-0329,Aceptado,329,T001-0346
ENTREGA SEGÚN STOCK,2023-01-14,,3.779,3.784,SOLES,ENVIADA,F001-0328,Aceptado,328,T001-0345
Entrega según stock,2023-01-13,,3.802,3.806,DOLARES,ENVIADA,F001-0327,Aceptado,327,T001-0344
Ananias Chupillon Valera CEL : 994 469 540,2023-01-12,,3.782,3.783,SOLES,ENVIADA,F001-0326,Aceptado,326,T001-0343
ENTREGA SEGÚN STOCK,2023-01-12,,3.782,3.783,SOLES,ENVIADA,F001-0325,Aceptado,325,T001-0341
ENTREGA SEGÚN STOCK,2023-01-12,,3.782,3.783,DOLARES,ENVIADA,F001-0324,Aceptado,324,T001-0340
ENTREGA SEGÚN STOCK,2023-01-11,,3.802,3.806,DOLARES,ENVIADA,F001-0323,Aceptado,323,T001-0339
ENTREGA SEGÚN STOCK,2023-01-11,,3.812,3.823,SOLES,ENVIADA,F001-0321,Aceptado,321,T001-0338
ENTREGA SEGÚN STOCK,2023-01-10,,3.792,3.803,SOLES,ENVIADA,F001-0320,Aceptado,320,T001-0337
ENTREGA SEGÚN STOCK,2023-01-10,,3.792,3.803,DOLARES,ENVIADA,F001-0319,Aceptado,319,T001-0335
ENTREGA SEGÚN STOCK,2023-01-09,,3.8,3.806,SOLES,ENVIADA,F001-0318,Aceptado,318,T001-0334
ENTREGA SEGÚN STOCK,2023-01-06,,3.822,3.827,SOLES,ENVIADA,F001-0317,Aceptado,317,T001-0332
ENTREGA SEGÚN STOCK,2023-01-06,,3.812,3.823,DOLARES,ENVIADA,F001-0316,Aceptado,316,T001-0330
ENTREGA SEGÚN STOCK,2023-01-06,,3.824,3.83,DOLARES,ENVIADA,F001-0315,Aceptado,315,T001-0329
ENTREGA SEGÚN STOCK,2023-01-05,,3.822,3.827,SOLES,ENVIADA,F001-0314,Aceptado,314,T001-0328
ENTREGA SEGÚN STOCK,2023-01-05,,3.822,3.827,SOLES,ENVIADA,F001-0313,Aceptado,313,T001-0327
ENTREGA SEGÚN STOCK,2023-01-05,,3.812,3.823,DOLARES,ENVIADA,F001-0312,Aceptado,312,T001-0326
ENTREGA SEGÚN STOCK,2023-01-05,,3.822,3.827,DOLARES,ENVIADA,F001-0311,Aceptado,311,T001-0325
ENTREGA SEGÚN STOCK,2023-01-05,,3.822,3.827,SOLES,ENVIADA,F001-0310,Aceptado,310,T001-0324
ENTREGA SEGÚN STOCK,2023-01-05,,3.822,3.827,DOLARES,ENVIADA,F001-0309,Aceptado,309,T001-0322
ENTREGA SEGÚN STOCK,2023-01-04,,3.812,3.823,SOLES,ENVIADA,F001-0308,Aceptado,308,T001-0321
ENTREGA SEGÚN STOCK,2023-01-04,,3.812,3.823,SOLES,ENVIADA,F001-0307,Aceptado,307,T001-0320
ENTREGA SEGÚN STOCK,2023-01-03,,3.812,3.823,SOLES,ENVIADA,F001-0306,Aceptado,306,T001-0319
ENTREGA SEGÚN STOCK,2023-01-03,,3.808,3.82,DOLARES,ENVIADA,F001-0305,Aceptado,305,T001-0318
ENTREGA SEGÚN STOCK,2023-01-03,,3.808,3.82,SOLES,ENVIADA,F001-0304,Aceptado,304,T001-0317
ENTREGA SEGÚN STOCK,2023-01-02,,3.808,3.82,DOLARES,ENVIADA,F001-0300,Aceptado,300,T001-0316
