2023-01-26,1922890001,JET BITUFLEX 70 PF NEGRO 1 GL,Chimbote,4,73.0,77.0,Regreso Nota,FNC1-0001,USR-0001
2023-01-26,1923999901,JET BITUFLEX 70 PF CATALIZADOR . 1 GL,Chimbote,4,73.0,77.0,Regreso Nota,FNC1-0001,USR-0001
2023-01-05,1770999902,FASTIMAS MASILLA - PARTE B . 1/2 GL,Chimbote,120,-214.0,-94.0,Ingreso productos,Ingreso,USR-16
2023-01-18,1509430501,DURAPOX ESMALTE 950 VERDE NILO 1475 1 GLS,Chimbote,2,14.0,16.0,Anulacion Factura,F001-0336,USR-13
2023-01-24,1769999902,FASTIMAS MASILLA - PARTE A . 1/2 GL,Chimbote,178,-127.0,51.0,Ingreso productos,Ingreso,USR-16
2023-01-24,1770999902,FASTIMAS MASILLA - PARTE B . 1/2 GL,Chimbote,178,-124.0,54.0,Ingreso productos,Ingreso,USR-16
2023-01-24,1509232601,DURAPOX ESMALTE 950 AZUL NAVAL 1520 1 GLS,Chimbote,71,122.0,193.0,Ingreso productos,Ingreso,USR-16
2023-01-24,1510999903,DURAPOX ESMALTE 950 - CATALIZADOR  1/4 GLS,Chimbote,281,683.0,964.0,Ingreso productos,Ingreso,USR-16
2023-01-24,2490999901,JET DURAMASTIC 2 CATALIZADOR . 1 GL,Chimbote,5,20.0,25.0,Ingreso productos,Ingreso,USR-16
2023-01-25,1509832901,DURAPOX ESMALTE 950 GRIS NIEBLA 1680 1 GLS,Chimbote,53,147.0,200.0,Ingreso productos,Ingreso,USR-16
2023-01-25,1509232601,DURAPOX ESMALTE 950 AZUL NAVAL 1520 1 GLS,Chimbote,5,193.0,198.0,Ingreso productos,Ingreso,USR-16
2023-01-25,1509320301,DURAPOX ESMALTE 950 AMARILLO YE-4 1300 1 GL,Chimbote,12,17.0,29.0,Ingreso productos,Ingreso,USR-16
2023-01-25,1509430501,DURAPOX ESMALTE 950 VERDE NILO 1475 1 GLS,Chimbote,3,14.0,17.0,Ingreso productos,Ingreso,USR-16
2023-01-25,1509260101,DURAPOX ESMALTE 950 AZUL ELECTRICO 1 GL,Chimbote,28,52.0,80.0,Ingreso productos,Ingreso,USR-16
2023-01-25,1509000201,DURAPOX ESMALTE 950 BLANCO OPTICO 1711 1 GL,Chimbote,82,13.0,95.0,Ingreso productos,Ingreso,USR-16
2023-01-25,1510999903,DURAPOX ESMALTE 950 - CATALIZADOR  1/4 GLS,Chimbote,14,958.0,972.0,Ingreso productos,Ingreso,USR-16
2023-01-25,1616999903,ANTICORROSIVO DURAPOX R CATALIZADOR . 1/4 GL,Chimbote,20,124.0,144.0,Ingreso productos,Ingreso,USR-16
2023-01-25,1624170001,JET 62 ZP ANTICORROSIVO ROJO OXIDO 1 GL,Chimbote,24,77.0,101.0,Ingreso productos,Ingreso,USR-16
2023-01-25,1624830101,JET 62 ZP ANTICORROSIVO GRIS 1 GL,Chimbote,100,39.0,139.0,Ingreso productos,Ingreso,USR-16
2023-01-25,1625999901,JET 62 ZP ANTICORROSIVO CATALIZADOR . 1 GL,Chimbote,5,116.0,121.0,Ingreso productos,Ingreso,USR-16
2023-01-25,1766999901,JET 70 MP - CATALIZADOR . 1 GL,Chimbote,24,149.0,173.0,Ingreso productos,Ingreso,USR-16
2023-01-25,1769999902,FASTIMAS MASILLA - PARTE A . 1/2 GL,Chimbote,3,51.0,54.0,Ingreso productos,Ingreso,USR-16
2023-01-25,1922890001,JET BITUFLEX 70 PF NEGRO 1 GL,Chimbote,21,52.0,73.0,Ingreso productos,Ingreso,USR-16
2023-01-25,1923999901,JET BITUFLEX 70 PF CATALIZADOR . 1 GL,Chimbote,21,52.0,73.0,Ingreso productos,Ingreso,USR-16
2023-01-25,1A01999901,JET ECOPOXY 90 . 1 GL,Chimbote,200,21.0,221.0,Ingreso productos,Ingreso,USR-16
2023-01-25,2223237501,OCEAN JET ANTIFOULING AZUL 2003 1 GL,Chimbote,18,7.0,25.0,Ingreso productos,Ingreso,USR-16
2023-01-25,2489832901,JET DURAMASTIC 2 GRIS NIEBLA 1680 1 GL,Chimbote,6,0.0,6.0,Ingreso productos,Ingreso,USR-16
2023-01-25,2490999901,JET DURAMASTIC 2 CATALIZADOR . 1 GL,Chimbote,1,25.0,26.0,Ingreso productos,Ingreso,USR-16
2023-01-25,2223130101,OCEAN JET ANTIFOULING ROJO 1033 1 GL,Chimbote,23,96.0,119.0,Ingreso productos,Ingreso,USR-16
2023-01-25,1509000101,DURAPOX ESMALTE 950 BLANCO 1700 1 GLS,Chimbote,20,180.0,200.0,Ingreso productos,Ingreso,USR-16
2023-01-25,1509430501,DURAPOX ESMALTE 950 VERDE NILO 1475 1 GLS,Chimbote,11,17.0,28.0,Ingreso productos,Ingreso,USR-16
2023-01-25,1615440101,ANTICORROSIVO DURAPOX R VERDE 1 GL,Chimbote,20,51.0,71.0,Ingreso productos,Ingreso,USR-16
2023-01-25,1509260101,DURAPOX ESMALTE 950 AZUL ELECTRICO 1 GL,Chimbote,10,80.0,90.0,Ingreso productos,Ingreso,USR-16
2023-01-25,1625999901,JET 62 ZP ANTICORROSIVO CATALIZADOR . 1 GL,Chimbote,119,121.0,240.0,Ingreso productos,Ingreso,USR-16
2023-01-25,1724830101,PROTECTO 2174 - 974 GRIS 1 GLS,Chimbote,48,0.0,48.0,Ingreso productos,Ingreso,USR-16
2023-01-25,1725999903,PROTECTO 2174 - 974-CATALIZADOR  1/4 GLS,Chimbote,48,0.0,48.0,Ingreso productos,Ingreso,USR-16
2023-01-25,1765832901,JET 70 MP GRIS NIEBLA 1680 1 GL,Chimbote,24,79.0,103.0,Ingreso productos,Ingreso,USR-16
2023-01-25,2223237501,OCEAN JET ANTIFOULING AZUL 2003 1 GL,Chimbote,2,25.0,27.0,Ingreso productos,Ingreso,USR-16
2023-01-26,1A01999901,JET ECOPOXY 90 . 1 GL,Chimbote,12,221.0,233.0,Regreso Nota,FNC1-0005,USR-0001
2023-01-26,1509000201,DURAPOX ESMALTE 950 BLANCO OPTICO 1711 1 GL,Chimbote,4,95.0,99.0,Regreso Nota,FNC1-0005,USR-0001
2023-01-26,1509260101,DURAPOX ESMALTE 950 AZUL ELECTRICO 1 GL,Chimbote,1,90.0,91.0,Regreso Nota,FNC1-0005,USR-0001
2023-01-26,1510999903,DURAPOX ESMALTE 950-CATALIZADOR  1/4 GLS,Chimbote,5,972.0,977.0,Regreso Nota,FNC1-0005,USR-0001
2023-01-26,1765000101,JET 70 MP BLANCO 1700 1 GL,Chimbote,6,0.0,6.0,Regreso Nota,FNC1-0005,USR-0001
2023-01-26,1766999901,JET 70 MP - CATALIZADOR . 1 GL,Chimbote,6,173.0,179.0,Regreso Nota,FNC1-0005,USR-0001
2023-01-26,1624830101,JET 62 ZP ANTICORROSIVO GRIS 1 GL,Chimbote,6,139.0,145.0,Regreso Nota,FNC1-0005,USR-0001
2023-01-26,1625999901,JET 62 ZP ANTICORROSIVO CATALIZADOR . 1 GL,Chimbote,6,240.0,246.0,Regreso Nota,FNC1-0005,USR-0001
2023-01-27,2223130101,OCEAN JET ANTIFOULING ROJO 1033 1 GL,Chimbote,12,119.0,131.0,Ingreso productos,Ingreso,USR-16
2023-01-27,1509430501,DURAPOX ESMALTE 950 VERDE NILO 1475 1 GLS,Chimbote,13,28.0,41.0,Ingreso productos,Ingreso,USR-16
2023-01-27,1509260101,DURAPOX ESMALTE 950 AZUL ELECTRICO 1 GL,Chimbote,50,91.0,141.0,Ingreso productos,Ingreso,USR-16
2023-01-27,1510999903,DURAPOX ESMALTE 950 - CATALIZADOR  1/4 GLS,Chimbote,192,941.0,1133.0,Ingreso productos,Ingreso,USR-16
2023-01-27,1526000301,FASTIPOXI ESMALTE EPOXICO BLANCO FAST 1 GL,Chimbote,71,76.0,147.0,Ingreso productos,Ingreso,USR-16
2023-01-27,1526212701,FASTIPOXI ESMALTE EPOXICO CELESTE FAST 1 GL,Chimbote,20,-28.0,-8.0,Ingreso productos,Ingreso,USR-16
2023-01-27,1526223901,FASTIPOXI ESMALTE EPOXICO AZUL FAST 1 GL,Chimbote,67,30.0,97.0,Ingreso productos,Ingreso,USR-16
2023-01-27,1615440101,ANTICORROSIVO DURAPOX R VERDE 1 GL,Chimbote,4,71.0,75.0,Ingreso productos,Ingreso,USR-16
2023-01-27,1616999903,ANTICORROSIVO DURAPOX R CATALIZADOR . 1/4 GL,Chimbote,16,144.0,160.0,Ingreso productos,Ingreso,USR-16
2023-01-27,1765832901,JET 70 MP GRIS NIEBLA 1680 1 GL,Chimbote,40,103.0,143.0,Ingreso productos,Ingreso,USR-16
2023-01-27,1765000101,JET 70 MP BLANCO 1700 1 GL,Chimbote,16,6.0,22.0,Ingreso productos,Ingreso,USR-16
2023-01-27,1765891001,JET 70 MP NEGRO 1725 1 GL,Chimbote,16,0.0,16.0,Ingreso productos,Ingreso,USR-16
2023-01-27,1766999901,JET 70 MP - CATALIZADOR . 1 GL,Chimbote,72,179.0,251.0,Ingreso productos,Ingreso,USR-16
2023-01-27,1922890001,JET BITUFLEX 70 PF NEGRO 1 GL,Chimbote,20,49.0,69.0,Ingreso productos,Ingreso,USR-16
2023-01-27,1923999901,JET BITUFLEX 70 PF CATALIZADOR . 1 GL,Chimbote,30,49.0,79.0,Ingreso productos,Ingreso,USR-16
2023-01-27,1A01999901,JET ECOPOXY 90 . 1 GL,Chimbote,20,189.0,209.0,Ingreso productos,Ingreso,USR-16
2023-02-01,1769999902,FASTIMAS MASILLA - PARTE A . 1/2 GL,Chimbote,122,30.0,152.0,Ingreso productos,Ingreso,USR-16
2023-02-01,1770999902,FASTIMAS MASILLA - PARTE B . 1/2 GL,Chimbote,122,30.0,152.0,Ingreso productos,Ingreso,USR-16
2023-02-01,1769999902,FASTIMAS MASILLA - PARTE A . 1/2 GL,Chimbote,300,152.0,452.0,Ingreso productos,Ingreso,USR-16
2023-02-01,1770999902,FASTIMAS MASILLA - PARTE B . 1/2 GL,Chimbote,300,152.0,452.0,Ingreso productos,Ingreso,USR-16
2023-02-01,1509000101,DURAPOX ESMALTE 950 BLANCO 1700 1 GLS,Chimbote,32,200.0,232.0,Ingreso productos,Ingreso,USR-16
2023-02-01,1509210301,DURAPOX ESMALTE 950 CELESTE 1550 1 GLS,Chimbote,24,41.0,65.0,Ingreso productos,Ingreso,USR-16
2023-02-01,2223130101,OCEAN JET ANTIFOULING ROJO 1033 1 GL,Chimbote,16,119.0,135.0,Ingreso productos,Ingreso,USR-16
2023-02-01,2745999901,FAST MASTIC 850 CATALIZADOR . 1 GL,Chimbote,1,45.0,46.0,Ingreso productos,Ingreso,USR-16
2023-02-01,1526223901,FASTIPOXI ESMALTE EPOXICO AZUL FAST 1 GL,Chimbote,36,97.0,133.0,Regreso Nota,FNC1-0006,USR-13
2023-02-01,1526000301,FASTIPOXI ESMALTE EPOXICO BLANCO FAST 1 GL,Chimbote,20,147.0,167.0,Regreso Nota,FNC1-0006,USR-13
2023-02-01,1526212701,FASTIPOXI ESMALTE EPOXICO CELESTE FAST 1 GL,Chimbote,16,-8.0,8.0,Regreso Nota,FNC1-0006,USR-13
2023-02-01,1526833301,FASTIPOXI ESMALTE EPOXICO GRIS FAST 1 GL,Chimbote,16,-29.0,-13.0,Regreso Nota,FNC1-0006,USR-13
2023-02-01,1527999902,FASTIPOXI ESMALTE EPOXICO - PARTE B . 1/2 GL,Chimbote,88,276.0,364.0,Regreso Nota,FNC1-0006,USR-13
2023-02-01,1769999902,FASTIMAS MASILLA - PARTE A . 1/2 GL,Chimbote,10,452.0,462.0,Regreso Nota,FNC1-0006,USR-13
2023-02-01,1770999902,FASTIMAS MASILLA - PARTE B . 1/2 GL,Chimbote,10,452.0,462.0,Regreso Nota,FNC1-0006,USR-13
2023-02-01,2223237501,OCEAN JET ANTIFOULING AZUL 2003 1 GL,Chimbote,7,15.0,22.0,Regreso Nota,FNC1-0008,USR-13
2023-02-01,1526223901,FASTIPOXI ESMALTE EPOXICO AZUL FAST 1 GL,Chimbote,36,133.0,169.0,Regreso Nota,FNC1-0009,USR-13
2023-02-01,1526000301,FASTIPOXI ESMALTE EPOXICO BLANCO FAST 1 GL,Chimbote,20,167.0,187.0,Regreso Nota,FNC1-0009,USR-13
2023-02-01,1526212701,FASTIPOXI ESMALTE EPOXICO CELESTE FAST 1 GL,Chimbote,16,8.0,24.0,Regreso Nota,FNC1-0009,USR-13
2023-02-01,1526833301,FASTIPOXI ESMALTE EPOXICO GRIS FAST 1 GL,Chimbote,16,-13.0,3.0,Regreso Nota,FNC1-0009,USR-13
2023-02-01,1527999902,FASTIPOXI ESMALTE EPOXICO - PARTE B . 1/2 GL,Chimbote,88,364.0,452.0,Regreso Nota,FNC1-0009,USR-13
2023-02-01,1769999902,FASTIMAS MASILLA - PARTE A . 1/2 GL,Chimbote,10,462.0,472.0,Regreso Nota,FNC1-0009,USR-13
2023-02-01,1770999902,FASTIMAS MASILLA - PARTE B . 1/2 GL,Chimbote,10,462.0,472.0,Regreso Nota,FNC1-0009,USR-13
2023-02-03,1509260101,DURAPOX ESMALTE 950 AZUL ELECTRICO 1 GL,Chimbote,50,117.0,167.0,Ingreso productos,Ingreso,USR-16
2023-02-03,1526833301,FASTIPOXI ESMALTE EPOXICO GRIS FAST 1 GL,Chimbote,20,-45.0,-25.0,Ingreso productos,Ingreso,USR-16
2023-02-03,1526223901,FASTIPOXI ESMALTE EPOXICO AZUL FAST 1 GL,Chimbote,1,145.0,146.0,Ingreso productos,Ingreso,USR-16
2023-02-03,1615440101,ANTICORROSIVO DURAPOX R VERDE 1 GL,Chimbote,76,28.0,104.0,Ingreso productos,Ingreso,USR-16
2023-02-03,1616999903,ANTICORROSIVO DURAPOX R CATALIZADOR . 1/4 GL,Chimbote,64,83.0,147.0,Ingreso productos,Ingreso,USR-16
2023-02-03,1922890001,JET BITUFLEX 70 PF NEGRO 1 GL,Chimbote,10,48.0,58.0,Ingreso productos,Ingreso,USR-16
2023-02-03,1A01999901,JET ECOPOXY 90 . 1 GL,Chimbote,80,156.0,236.0,Ingreso productos,Ingreso,USR-16
2023-02-03,2223130101,OCEAN JET ANTIFOULING ROJO 1033 1 GL,Chimbote,46,135.0,181.0,Ingreso productos,Ingreso,USR-16
2023-02-03,2745999901,FAST MASTIC 850 CATALIZADOR . 1 GL,Chimbote,27,46.0,73.0,Ingreso productos,Ingreso,USR-16
2023-02-05,1509000201,DURAPOX ESMALTE 950 BLANCO OPTICO 1711 1 GL,Chimbote,6,28.0,34.0,Anulacion Factura,F001-0361,USR-0001
2023-02-05,1509320301,DURAPOX ESMALTE 950 AMARILLO YE-4 1300 1 GL,Chimbote,2,10.0,12.0,Anulacion Factura,F001-0361,USR-0001
2023-02-05,1510999903,DURAPOX ESMALTE 950 - CATALIZADOR  1/4 GLS,Chimbote,8,1011.0,1019.0,Anulacion Factura,F001-0361,USR-0001
2023-02-05,1A01999901,JET ECOPOXY 90 . 1 GL,Chimbote,4,236.0,240.0,Anulacion Factura,F001-0361,USR-0001
2023-02-05,1615440101,ANTICORROSIVO DURAPOX R VERDE 1 GL,Chimbote,3,104.0,107.0,Anulacion Factura,F001-0329,USR-0001
2023-02-05,1616999903,ANTICORROSIVO DURAPOX R CATALIZADOR . 1/4 GL,Chimbote,3,147.0,150.0,Anulacion Factura,F001-0329,USR-0001
2023-02-05,1922890001,JET BITUFLEX 70 PF NEGRO 1 GL,Chimbote,1,58.0,59.0,Anulacion Factura,F001-0333,USR-0001
2023-02-05,1923999901,JET BITUFLEX 70 PF CATALIZADOR . 1 GL,Chimbote,1,59.0,60.0,Anulacion Factura,F001-0333,USR-0001
2023-02-05,1615170101,ANTICORROSIVO DURAPOX R ROJO OXIDO 1185 1 GL,Chimbote,1,43.0,44.0,Anulacion Factura,F001-0334,USR-0001
2023-02-05,1616999903,ANTICORROSIVO DURAPOX R CATALIZADOR . 1/4 GL,Chimbote,1,150.0,151.0,Anulacion Factura,F001-0334,USR-0001
2023-02-05,1509430501,DURAPOX ESMALTE 950 VERDE NILO 1475 1 GLS,Chimbote,2,41.0,43.0,Anulacion Factura,F001-0338,USR-0001
2023-02-05,1615440101,ANTICORROSIVO DURAPOX R VERDE 1 GL,Chimbote,2,107.0,109.0,Anulacion Factura,F001-0351,USR-0001
2023-02-05,1616999903,ANTICORROSIVO DURAPOX R CATALIZADOR . 1/4 GL,Chimbote,2,151.0,153.0,Anulacion Factura,F001-0351,USR-0001
2023-02-05,2223130101,OCEAN JET ANTIFOULING ROJO 1033 1 GL,Chimbote,12,181.0,193.0,Anulacion Factura,F001-0364,USR-0001
2023-02-05,1509232601,DURAPOX ESMALTE 950 AZUL NAVAL 1520 1 GLS,Chimbote,1,194.0,195.0,Anulacion Factura,F001-0365,USR-0001
2023-02-05,1615440101,ANTICORROSIVO DURAPOX R VERDE 1 GL,Chimbote,10,109.0,119.0,Anulacion Factura,F001-0370,USR-0001
2023-02-05,1616999903,ANTICORROSIVO DURAPOX R CATALIZADOR . 1/4 GL,Chimbote,10,153.0,163.0,Anulacion Factura,F001-0370,USR-0001
2023-02-05,1509210301,DURAPOX ESMALTE 950 CELESTE 1550 1 GLS,Chimbote,12,53.0,65.0,Anulacion Factura,F001-0370,USR-0001
2023-02-05,1615440101,ANTICORROSIVO DURAPOX R VERDE 1 GL,Chimbote,6,119.0,125.0,Anulacion Factura,F001-0375,USR-0001
2023-02-05,1616999903,ANTICORROSIVO DURAPOX R CATALIZADOR . 1/4 GL,Chimbote,6,163.0,169.0,Anulacion Factura,F001-0375,USR-0001
2023-02-05,1922890001,JET BITUFLEX 70 PF NEGRO 1 GL,Chimbote,3,59.0,62.0,Anulacion Factura,F001-0375,USR-0001
2023-02-05,1923999901,JET BITUFLEX 70 PF CATALIZADOR . 1 GL,Chimbote,3,60.0,63.0,Anulacion Factura,F001-0375,USR-0001
2023-02-05,1615440101,ANTICORROSIVO DURAPOX R VERDE 1 GL,Chimbote,3,125.0,128.0,Anulacion Factura,F001-0376,USR-0001
2023-02-05,1616999903,ANTICORROSIVO DURAPOX R CATALIZADOR . 1/4 GL,Chimbote,3,169.0,172.0,Anulacion Factura,F001-0376,USR-0001
2023-02-05,1615170101,ANTICORROSIVO DURAPOX R ROJO OXIDO 1185 1 GL,Chimbote,1,43.0,44.0,Anulacion Factura,F001-0334,USR-0001
2023-02-05,1616999903,ANTICORROSIVO DURAPOX R CATALIZADOR . 1/4 GL,Chimbote,1,133.0,134.0,Anulacion Factura,F001-0334,USR-0001
2023-02-05,1509000101,KIT DURAPOX ESMALTE 950 BLANCO 1700 1 GLS,Chimbote,1,109.0,110.0,Anulacion Factura,F001-0334,USR-0001
2023-02-05,1510999903,DURAPOX ESMALTE 950 - CATALIZADOR  1/4 GLS,Chimbote,1,806.0,807.0,Anulacion Factura,F001-0334,USR-0001
2023-02-05,1A01999901,JET ECOPOXY 90 . 1 GL,Chimbote,1,183.0,184.0,Anulacion Factura,F001-0334,USR-0001
2023-02-05,1922890001,JET BITUFLEX 70 PF NEGRO 1 GL,Chimbote,4,36.0,40.0,Anulacion Boleta,B001-0011,USR-0001
2023-02-05,1923999901,JET BITUFLEX 70 PF CATALIZADOR . 1 GL,Chimbote,4,41.0,45.0,Anulacion Boleta,B001-0011,USR-0001
2023-02-05,2223237501,OCEAN JET ANTIFOULING AZUL 2003 1 GL,Chimbote,10,15.0,25.0,Anulacion Boleta,B001-0011,USR-0001
2023-02-05,1509000101,DURAPOX ESMALTE 950 BLANCO 1700 1 GLS,Chimbote,20,101.0,121.0,Retorno Nota,FNC1-0010,USR-0001
2023-02-05,1510999903,DURAPOX ESMALTE 950 - CATALIZADOR  1/4 GLS,Chimbote,1,793.0,794.0,Ingreso productos,Ingreso,USR-24
2023-02-05,1922890001,JET BITUFLEX 70 PF NEGRO 1 GL,Chimbote,4,36.0,40.0,Ingreso productos,Ingreso,USR-24
2023-02-08,2744830101,FAST MASTIC 850 GRIS 1 GL,Chimbote,28,45.0,73.0,Ingreso productos,Ingreso,USR-16
2023-02-08,1509000101,DURAPOX ESMALTE 950 BLANCO 1700 1 GLS,Chimbote,60,120.0,180.0,Ingreso productos,Ingreso,USR-16
2023-02-08,1509832901,DURAPOX ESMALTE 950 GRIS NIEBLA 1680 1 GLS,Chimbote,7,125.0,132.0,Ingreso productos,Ingreso,USR-16
2023-02-08,1509232601,DURAPOX ESMALTE 950 AZUL NAVAL 1520 1 GLS,Chimbote,37,187.0,224.0,Ingreso productos,Ingreso,USR-16
2023-02-08,1509320301,DURAPOX ESMALTE 950 AMARILLO YE-4 1300 1 GL,Chimbote,8,-1.0,7.0,Ingreso productos,Ingreso,USR-16
2023-02-08,1509000201,DURAPOX ESMALTE 950 BLANCO OPTICO 1711 1 GL,Chimbote,4,31.0,35.0,Ingreso productos,Ingreso,USR-16
2023-02-08,1509520201,DURAPOX ESMALTE 950 NARANJA INT'L OR-1 1200 1 GL,Chimbote,8,10.0,18.0,Ingreso productos,Ingreso,USR-16
2023-02-08,1510999903,DURAPOX ESMALTE 950 - CATALIZADOR  1/4 GLS,Chimbote,25,785.0,810.0,Ingreso productos,Ingreso,USR-16
2023-02-08,1526000301,FASTIPOXI ESMALTE EPOXICO BLANCO FAST 1 GL,Chimbote,40,135.0,175.0,Ingreso productos,Ingreso,USR-16
2023-02-08,1526212701,FASTIPOXI ESMALTE EPOXICO CELESTE FAST 1 GL,Chimbote,6,0.0,6.0,Ingreso productos,Ingreso,USR-16
2023-02-08,1526176201,FASTIPOXI ESMALTE EPOXICO BERMELLON FAST 1 GL,Chimbote,15,-48.0,-33.0,Ingreso productos,Ingreso,USR-16
2023-02-08,1526461401,FASTIPOXI ESMALTE EPOXICO VERDE ESMERALDA FAST 1,Chimbote,16,-36.0,-20.0,Ingreso productos,Ingreso,USR-16
2023-02-08,1526223901,FASTIPOXI ESMALTE EPOXICO AZUL FAST 1 GL,Chimbote,59,137.0,196.0,Ingreso productos,Ingreso,USR-16
2023-02-08,1527999902,FASTIPOXI ESMALTE EPOXICO - PARTE B . 1/2 GL,Chimbote,217,184.0,401.0,Ingreso productos,Ingreso,USR-16
2023-02-08,1615440101,ANTICORROSIVO DURAPOX R VERDE 1 GL,Chimbote,4,90.0,94.0,Ingreso productos,Ingreso,USR-16
2023-02-08,1616999903,ANTICORROSIVO DURAPOX R CATALIZADOR . 1/4 GL,Chimbote,2,133.0,135.0,Ingreso productos,Ingreso,USR-16
2023-02-08,1624170001,JET 62 ZP ANTICORROSIVO ROJO OXIDO 1 GL,Chimbote,11,91.0,102.0,Ingreso productos,Ingreso,USR-16
2023-02-08,1625999901,JET 62 ZP ANTICORROSIVO CATALIZADOR . 1 GL,Chimbote,41,236.0,277.0,Ingreso productos,Ingreso,USR-16
2023-02-08,1765832901,JET 70 MP GRIS NIEBLA 1680 1 GL,Chimbote,21,143.0,164.0,Ingreso productos,Ingreso,USR-16
2023-02-08,1766999901,JET 70 MP - CATALIZADOR . 1 GL,Chimbote,8,251.0,259.0,Ingreso productos,Ingreso,USR-16
2023-02-08,1769999902,FASTIMAS MASILLA - PARTE A . 1/2 GL,Chimbote,120,431.0,551.0,Ingreso productos,Ingreso,USR-16
2023-02-08,1770999902,FASTIMAS MASILLA - PARTE B . 1/2 GL,Chimbote,120,431.0,551.0,Ingreso productos,Ingreso,USR-16
2023-02-08,1922890001,JET BITUFLEX 70 PF NEGRO 1 GL,Chimbote,38,40.0,78.0,Ingreso productos,Ingreso,USR-16
2023-02-08,1923999901,JET BITUFLEX 70 PF CATALIZADOR . 1 GL,Chimbote,31,41.0,72.0,Ingreso productos,Ingreso,USR-16
2023-02-08,2223130101,OCEAN JET ANTIFOULING ROJO 1033 1 GL,Chimbote,18,114.0,132.0,Ingreso productos,Ingreso,USR-16
2023-02-08,2392999903,FASTHANE 600 CATALIZADOR . 1/4 GL,Chimbote,6,48.0,54.0,Ingreso productos,Ingreso,USR-16
2023-02-08,2489000101,JET DURAMASTIC 2 BLANCO 1700 1 GL,Chimbote,12,20.0,32.0,Ingreso productos,Ingreso,USR-16
2023-02-08,2555830101,"JET ZINC PRIMER 910 PARTE ""A"" GRIS 1 GL",Chimbote,17,0.0,17.0,Ingreso productos,Ingreso,USR-16
2023-02-08,2557999901,"JET ZINC PRIMER 910 PARTE ""C"" . 1 GL",Chimbote,17,0.0,17.0,Ingreso productos,Ingreso,USR-16
2023-02-08,3292999901,FAST THINNER EPOXY SIC . 1 GL,Chimbote,40,108.0,148.0,Ingreso productos,Ingreso,USR-16
2023-02-08,1509832901,DURAPOX ESMALTE 950 GRIS NIEBLA 1680 1 GLS,Chimbote,73,132.0,205.0,Ingreso productos,Ingreso,USR-16
2023-02-08,1509232601,DURAPOX ESMALTE 950 AZUL NAVAL 1520 1 GLS,Chimbote,23,224.0,247.0,Ingreso productos,Ingreso,USR-16
2023-02-08,1509320301,DURAPOX ESMALTE 950 AMARILLO YE-4 1300 1 GL,Chimbote,12,7.0,19.0,Ingreso productos,Ingreso,USR-16
2023-02-08,1509891001,DURAPOX ESMALTE 950 NEGRO 1725 1 GLS,Chimbote,8,17.0,25.0,Ingreso productos,Ingreso,USR-16
2023-02-08,1509130301,DURAPOX ESMALTE 950 ROJO 1100 1 GL,Chimbote,5,10.0,15.0,Ingreso productos,Ingreso,USR-16
2023-02-08,1510999903,DURAPOX ESMALTE 950 - CATALIZADOR  1/4 GLS,Chimbote,307,810.0,1117.0,Ingreso productos,Ingreso,USR-16
2023-02-08,1618830101,JET PRIMER EPOXI GRIS 1 GL,Chimbote,12,0.0,12.0,Ingreso productos,Ingreso,USR-16
2023-02-08,1618440101,JET PRIMER EPOXI VERDE 1 GL,Chimbote,8,0.0,8.0,Ingreso productos,Ingreso,USR-16
2023-02-08,1619999903,JET PRIMER EPOXI CATALIZADOR . 1/4 GL,Chimbote,21,0.0,21.0,Ingreso productos,Ingreso,USR-16
2023-02-08,1624830101,JET 62 ZP ANTICORROSIVO GRIS 1 GL,Chimbote,40,145.0,185.0,Ingreso productos,Ingreso,USR-16
2023-02-08,1625999901,JET 62 ZP ANTICORROSIVO CATALIZADOR . 1 GL,Chimbote,51,277.0,328.0,Ingreso productos,Ingreso,USR-16
2023-02-08,1765832901,JET 70 MP GRIS NIEBLA 1680 1 GL,Chimbote,18,164.0,182.0,Ingreso productos,Ingreso,USR-16
2023-02-08,1766999901,JET 70 MP - CATALIZADOR . 1 GL,Chimbote,32,259.0,291.0,Ingreso productos,Ingreso,USR-16
2023-02-08,2223130101,OCEAN JET ANTIFOULING ROJO 1033 1 GL,Chimbote,2,132.0,134.0,Ingreso productos,Ingreso,USR-16
2023-02-08,2490999901,JET DURAMASTIC 2 CATALIZADOR . 1 GL,Chimbote,12,26.0,38.0,Ingreso productos,Ingreso,USR-16
2023-02-08,1A01999901,JET ECOPOXY 90 . 1 GL,Chimbote,220,175.0,395.0,Ingreso productos,Ingreso,USR-16
2023-02-10,1509430501,DURAPOX ESMALTE 950 VERDE NILO 1475 1 GLS,Chimbote,3,39.0,42.0,Ingreso productos,Ingreso,USR-16
2023-02-10,1509230201,DURAPOX ESMALTE 950 AZUL OSCURO 1500 1 GL,Chimbote,1,-10.0,-9.0,Ingreso productos,Ingreso,USR-16
2023-02-10,1509000201,DURAPOX ESMALTE 950 BLANCO OPTICO 1711 1 GL,Chimbote,28,24.0,52.0,Ingreso productos,Ingreso,USR-16
2023-02-10,1509520201,DURAPOX ESMALTE 950 NARANJA INT'L OR-1 1200 1 GL,Chimbote,4,18.0,22.0,Ingreso productos,Ingreso,USR-16
2023-02-10,1526212701,FASTIPOXI ESMALTE EPOXICO CELESTE FAST 1 GL,Chimbote,10,-6.0,4.0,Ingreso productos,Ingreso,USR-16
2023-02-10,1526176201,FASTIPOXI ESMALTE EPOXICO BERMELLON FAST 1 GL,Chimbote,9,-33.0,-24.0,Ingreso productos,Ingreso,USR-16
2023-02-10,1526130601,FASTIPOXI ESMALTE EPOXICO ROJO FAST 1 GL,Chimbote,20,20.0,40.0,Ingreso productos,Ingreso,USR-16
2023-02-10,1615440101,ANTICORROSIVO DURAPOX R VERDE 1 GL,Chimbote,44,93.0,137.0,Ingreso productos,Ingreso,USR-16
2023-02-10,1616999903,ANTICORROSIVO DURAPOX R CATALIZADOR . 1/4 GL,Chimbote,94,134.0,228.0,Ingreso productos,Ingreso,USR-16
2023-02-10,1615170101,ANTICORROSIVO DURAPOX R ROJO OXIDO 1185 1 GL,Chimbote,48,43.0,91.0,Ingreso productos,Ingreso,USR-16
2023-02-10,1618830101,JET PRIMER EPOXI GRIS 1 GL,Chimbote,4,12.0,16.0,Ingreso productos,Ingreso,USR-16
2023-02-10,1624170001,JET 62 ZP ANTICORROSIVO ROJO OXIDO 1 GL,Chimbote,41,87.0,128.0,Ingreso productos,Ingreso,USR-16
2023-02-10,1724830101,PROTECTO 2174 - 974 GRIS 1 GLS,Chimbote,28,48.0,76.0,Ingreso productos,Ingreso,USR-16
2023-02-10,1725999903,PROTECTO 2174 - 974-CATALIZADOR  1/4 GLS,Chimbote,28,48.0,76.0,Ingreso productos,Ingreso,USR-16
2023-02-10,1922890001,JET BITUFLEX 70 PF NEGRO 1 GL,Chimbote,14,76.0,90.0,Ingreso productos,Ingreso,USR-16
2023-02-10,1923999901,JET BITUFLEX 70 PF CATALIZADOR . 1 GL,Chimbote,33,70.0,103.0,Ingreso productos,Ingreso,USR-16
2023-02-10,1A07999901,JETPOXY AF 200 . 1 GL,Chimbote,30,54.0,84.0,Ingreso productos,Ingreso,USR-16
2023-02-10,2223237501,OCEAN JET ANTIFOULING AZUL 2003 1 GL,Chimbote,48,15.0,63.0,Ingreso productos,Ingreso,USR-16
2023-02-10,2391133601,FASTHANE 600 ROJO RAL 3000 1 GL,Chimbote,52,48.0,100.0,Ingreso productos,Ingreso,USR-16
2023-02-10,2392999903,FASTHANE 600 CATALIZADOR . 1/4 GL,Chimbote,46,54.0,100.0,Ingreso productos,Ingreso,USR-16
2023-02-10,2555830101,"JET ZINC PRIMER 910 PARTE ""A"" GRIS 1 GL",Chimbote,3,17.0,20.0,Ingreso productos,Ingreso,USR-16
2023-02-10,2557999901,"JET ZINC PRIMER 910 PARTE ""C"" . 1 GL",Chimbote,3,17.0,20.0,Ingreso productos,Ingreso,USR-16
2023-02-10,1526833301,FASTIPOXI ESMALTE EPOXICO GRIS FAST 1 GL,Chimbote,24,-25.0,-1.0,Ingreso productos,Ingreso,USR-16
2023-02-10,1526432101,FASTIPOXI ESMALTE EPOXICO VERDE NILO FAST 1 GL,Chimbote,20,8.0,28.0,Ingreso productos,Ingreso,USR-16
2023-02-10,1526223901,FASTIPOXI ESMALTE EPOXICO AZUL FAST 1 GL,Chimbote,1,184.0,185.0,Ingreso productos,Ingreso,USR-16
2023-02-10,1619999903,JET PRIMER EPOXI CATALIZADOR . 1/4 GL,Chimbote,3,21.0,24.0,Ingreso productos,Ingreso,USR-16
2023-02-10,1739320001,DURAMASTIC PRIMER 916 AMARILLO 1 GLS,Chimbote,24,-2.0,22.0,Ingreso productos,Ingreso,USR-16
2023-02-10,1740999901,DURAMASTIC PRIMER 916-CATALIZADOR  1 GLS,Chimbote,24,-2.0,22.0,Ingreso productos,Ingreso,USR-16
2023-02-10,1922889001,JET BITUFLEX 70 PF CAFE 1 GL,Chimbote,12,0.0,12.0,Ingreso productos,Ingreso,USR-16
2023-02-15,1201730101,ESMALTE PINTOR CPP CAOBA 1 GL,Chimbote,18,0.00,18.0,Ingreso productos,Ingreso,USR-16
2023-02-15,633958,Imprimante Epoxico Rojo (AB) x 1.25 gal,Chimbote,80,-24.0,56.0,Ingreso productos,Ingreso,USR-16
2023-02-16,1526212701,FASTIPOXI ESMALTE EPOXICO CELESTE FAST 1 GL,Chimbote,10,4.0,14.0,Ingreso productos,Ingreso,USR-16
2023-02-16,1526323101,FASTIPOXI ESMALTE EPOXICO AMARILLO FAST 1 GL,Chimbote,40,-10.0,30.0,Ingreso productos,Ingreso,USR-16
2023-02-16,1526176201,FASTIPOXI ESMALTE EPOXICO BERMELLON FAST 1 GL,Chimbote,60,-24.0,36.0,Ingreso productos,Ingreso,USR-16
2023-02-16,1526461401,FASTIPOXI ESMALTE EPOXICO VERDE ESMERALDA FAST 1,Chimbote,6,-20.0,-14.0,Ingreso productos,Ingreso,USR-16
2023-02-16,1527999902,FASTIPOXI ESMALTE EPOXICO - PARTE B . 1/2 GL,Chimbote,159,185.0,344.0,Ingreso productos,Ingreso,USR-16
2023-02-16,1526212701,FASTIPOXI ESMALTE EPOXICO CELESTE FAST 1 GL,Chimbote,18,14.0,32.0,Ingreso productos,Ingreso,USR-16
2023-02-16,1201210001,ESMALTE PINTOR CPP CELESTE 1 GL,Chimbote,12,-12.0,0.0,Ingreso productos,Ingreso,USR-16
2023-02-17,633958,Imprimante Epoxico Rojo (AB) x 1.25 gal,Chimbote,20,56.0,76.0,Ingreso productos,Ingreso,USR-16
2023-02-20,1A01999901,JET ECOPOXY 90 . 1 GL,Chimbote,9,308.0,317.0,Anulacion Factura,F001-0406,USR-0001
2023-02-20,1618830101,JET PRIMER EPOXI GRIS 1 GL,Chimbote,1,14.0,15.0,Anulacion Factura,F001-0406,USR-0001
2023-02-20,1619999903,JET PRIMER EPOXI CATALIZADOR . 1/4 GL,Chimbote,1,22.0,23.0,Anulacion Factura,F001-0406,USR-0001
2023-02-20,1765000101,JET 70 MP BLANCO 1700 1 GL,Chimbote,1,-43.0,-42.0,Anulacion Factura,F001-0406,USR-0001
2023-02-20,1766999901,JET 70 MP - CATALIZADOR . 1 GL,Chimbote,1,192.0,193.0,Anulacion Factura,F001-0406,USR-0001
2023-02-20,1765891001,JET 70 MP NEGRO 1725 1 GL,Chimbote,5,1.0,6.0,Anulacion Factura,F001-0408,USR-0001
2023-02-20,1766999901,JET 70 MP - CATALIZADOR . 1 GL,Chimbote,5,193.0,198.0,Anulacion Factura,F001-0408,USR-0001
2023-02-20,1765000101,JET 70 MP BLANCO 1700 1 GL,Chimbote,21,-42.0,-21.0,Anulacion Factura,F001-0408,USR-0001
2023-02-20,1766999901,JET 70 MP - CATALIZADOR . 1 GL,Chimbote,21,198.0,219.0,Anulacion Factura,F001-0408,USR-0001
2023-02-20,2331883001,POLIURETANO ANTIDESLIZANTE K5 GRIS RAL 7011 1 GL,Chimbote,1,17.0,18.0,Anulacion Factura,F001-0408,USR-0001
2023-02-20,2332999903,POLIURETANO ANTIDESLIZANTE K5-PARTE B. 1/4 GL,Chimbote,1,55.0,56.0,Anulacion Factura,F001-0408,USR-0001
2023-02-20,1510999903,DURAPOX ESMALTE 950 - CATALIZADOR  1/4 GLS,Chimbote,4,1015.0,1019.0,Anulacion Factura,F001-0408,USR-0001
2023-02-21,1526833301,FASTIPOXI ESMALTE EPOXICO GRIS FAST 1 GL,Chimbote,28,-41.0,-13.0,Ingreso productos,Ingreso,USR-16
2023-02-21,1526461401,FASTIPOXI ESMALTE EPOXICO VERDE ESMERALDA FAST 1,Chimbote,22,-14.0,8.0,Ingreso productos,Ingreso,USR-16
2023-02-21,1527999902,FASTIPOXI ESMALTE EPOXICO - PARTE B . 1/2 GL,Chimbote,25,344.0,369.0,Ingreso productos,Ingreso,USR-16
2023-02-23,1509130301,DURAPOX ESMALTE 950 ROJO 1100 1 GL,Chimbote,7,12.0,19.0,Ingreso productos,Ingreso,USR-16
2023-02-23,2556999903,"JET ZINC PRIMER 910 PARTE ""B"" . 1/4 GL",Chimbote,20,0.0,20.0,Ingreso productos,Ingreso,USR-16
2023-02-23,3276999901,JET TRAFFIC THINNER SIC . 1 GL,Chimbote,48,0.0,48.0,Ingreso productos,Ingreso,USR-16
2023-02-23,1509230201,DURAPOX ESMALTE 950 AZUL OSCURO 1500 1 GL,Chimbote,42,-9.0,33.0,Ingreso productos,Ingreso,USR-16
2023-02-23,1201210001,ESMALTE PINTOR CPP CELESTE 1 GL,Chimbote,1,0.0,1.0,Ingreso productos,Ingreso,USR-16
2023-02-24,1509000101,DURAPOX ESMALTE 950 BLANCO 1700 1 GLS,Chimbote,20,143.0,163.0,Ingreso productos,Ingreso,USR-16
2023-02-24,1509832901,DURAPOX ESMALTE 950 GRIS NIEBLA 1680 1 GLS,Chimbote,3,190.0,193.0,Ingreso productos,Ingreso,USR-16
2023-02-24,1509320301,DURAPOX ESMALTE 950 AMARILLO YE-4 1300 1 GL,Chimbote,20,4.0,24.0,Ingreso productos,Ingreso,USR-16
2023-02-24,1509210301,DURAPOX ESMALTE 950 CELESTE 1550 1 GLS,Chimbote,4,35.0,39.0,Ingreso productos,Ingreso,USR-16
2023-02-24,1509000201,DURAPOX ESMALTE 950 BLANCO OPTICO 1711 1 GL,Chimbote,16,52.0,68.0,Ingreso productos,Ingreso,USR-16
2023-02-24,1510999903,DURAPOX ESMALTE 950 - CATALIZADOR  1/4 GLS,Chimbote,200,1016.0,1216.0,Ingreso productos,Ingreso,USR-16
2023-02-24,1765832901,JET 70 MP GRIS NIEBLA 1680 1 GL,Chimbote,1,162.0,163.0,Ingreso productos,Ingreso,USR-16
2023-02-24,1765000101,JET 70 MP BLANCO 1700 1 GL,Chimbote,12,-21.0,-9.0,Ingreso productos,Ingreso,USR-16
2023-02-24,1765891001,JET 70 MP NEGRO 1725 1 GL,Chimbote,8,6.0,14.0,Ingreso productos,Ingreso,USR-16
2023-02-24,1922890001,JET BITUFLEX 70 PF NEGRO 1 GL,Chimbote,6,74.0,80.0,Ingreso productos,Ingreso,USR-16
2023-02-24,1923999901,JET BITUFLEX 70 PF CATALIZADOR . 1 GL,Chimbote,35,87.0,122.0,Ingreso productos,Ingreso,USR-16
2023-02-24,1A01999901,JET ECOPOXY 90 . 1 GL,Chimbote,100,317.0,417.0,Ingreso productos,Ingreso,USR-16
2023-02-24,2223130101,OCEAN JET ANTIFOULING ROJO 1033 1 GL,Chimbote,14,108.0,122.0,Ingreso productos,Ingreso,USR-16
2023-02-24,1624170001,JET 62 ZP ANTICORROSIVO ROJO OXIDO 1 GL,Chimbote,55,128.0,183.0,Ingreso productos,Ingreso,USR-16
2023-02-24,1625999901,JET 62 ZP ANTICORROSIVO CATALIZADOR . 1 GL,Chimbote,37,275.0,312.0,Ingreso productos,Ingreso,USR-16
2023-02-24,1766999901,JET 70 MP - CATALIZADOR . 1 GL,Chimbote,113,218.0,331.0,Ingreso productos,Ingreso,USR-16
2023-02-24,3292999901,FAST THINNER EPOXY SIC . 1 GL,Chimbote,8,98.0,106.0,Ingreso productos,Ingreso,USR-16
2023-02-24,1615440101,ANTICORROSIVO DURAPOX R VERDE 1 GL,Chimbote,8,111.0,119.0,Ingreso productos,Ingreso,USR-16
2023-02-24,1615170101,ANTICORROSIVO DURAPOX R ROJO OXIDO 1185 1 GL,Chimbote,40,91.0,131.0,Ingreso productos,Ingreso,USR-16
2023-02-24,1616999903,ANTICORROSIVO DURAPOX R CATALIZADOR . 1/4 GL,Chimbote,2,202.0,204.0,Ingreso productos,Ingreso,USR-16
2023-02-24,1526000301,FASTIPOXI ESMALTE EPOXICO BLANCO FAST 1 GL,Chimbote,180,103.0,283.0,Ingreso productos,Ingreso,USR-16
2023-02-24,1526212701,FASTIPOXI ESMALTE EPOXICO CELESTE FAST 1 GL,Chimbote,6,32.0,38.0,Ingreso productos,Ingreso,USR-16
2023-02-24,1526323101,FASTIPOXI ESMALTE EPOXICO AMARILLO FAST 1 GL,Chimbote,2,30.0,32.0,Ingreso productos,Ingreso,USR-16
2023-02-24,1526176201,FASTIPOXI ESMALTE EPOXICO BERMELLON FAST 1 GL,Chimbote,15,36.0,51.0,Ingreso productos,Ingreso,USR-16
2023-02-24,1526461401,FASTIPOXI ESMALTE EPOXICO VERDE ESMERALDA FAST 1,Chimbote,6,8.0,14.0,Ingreso productos,Ingreso,USR-16
2023-02-24,1526130601,FASTIPOXI ESMALTE EPOXICO ROJO FAST 1 GL,Chimbote,20,10.0,30.0,Ingreso productos,Ingreso,USR-16
2023-02-24,1526223901,FASTIPOXI ESMALTE EPOXICO AZUL FAST 1 GL,Chimbote,151,133.0,284.0,Ingreso productos,Ingreso,USR-16
2023-02-24,1527999902,FASTIPOXI ESMALTE EPOXICO - PARTE B . 1/2 GL,Chimbote,173,367.0,540.0,Ingreso productos,Ingreso,USR-16
2023-03-01,3103000001,ESMALTE PARA TRAFICO CPP BLANCO 1 GLS,Chimbote,8,0.00,8.0,Ingreso productos,Ingreso,USR-16
2023-03-01,3118000001,ESMALTE PARA TRAFICO FAST BLANCO 1 GL,Chimbote,60,-34.0,26.0,Ingreso productos,Ingreso,USR-16
2023-03-01,3118320001,ESMALTE PARA TRAFICO FAST AMARILLO 1 GL,Chimbote,60,-24.0,36.0,Ingreso productos,Ingreso,USR-16
2023-03-01,1301830101,ANTICORROSIVO CPP GRIS 1 GL,Chimbote,2,0.00,2.0,Ingreso productos,Ingreso,USR-16
2023-03-01,3819999901,REMOVEDOR TEKNO . 1 GL,Chimbote,1,0.00,1.0,Ingreso productos,Ingreso,USR-16
2023-03-01,1922890001,JET BITUFLEX 70 PF NEGRO 1 GL,Chimbote,54,78.0,132.0,Ingreso productos,Ingreso,USR-16
2023-03-01,1923999901,JET BITUFLEX 70 PF CATALIZADOR . 1 GL,Chimbote,25,120.0,145.0,Ingreso productos,Ingreso,USR-16
2023-03-01,1527999902,FASTIPOXI ESMALTE EPOXICO - PARTE B . 1/2 GL,Chimbote,144,540.0,684.0,Ingreso productos,Ingreso,USR-16
2023-03-01,1301830101,ANTICORROSIVO CPP GRIS 1 GL,Chimbote,8,2.0,10.0,Ingreso productos,Ingreso,USR-16
2023-03-01,1201000001,ESMALTE PINTOR CPP BLANCO 1 GL,Chimbote,18,0.0,18.0,Ingreso productos,Ingreso,USR-16
2023-03-01,1201330101,ESMALTE PINTOR CPP MARFIL 1 GL,Chimbote,10,0.0,10.0,Ingreso productos,Ingreso,USR-16
2023-03-01,3103320001,ESMALTE PARA TRAFICO CPP AMARILLO 1 GLS,Chimbote,6,0.00,6.0,Ingreso productos,Ingreso,USR-16
2023-03-02,1509000101,DURAPOX ESMALTE 950 BLANCO 1700 1 GLS,Chimbote,60,156.0,216.0,Ingreso productos,Ingreso,USR-16
2023-03-02,1509232601,DURAPOX ESMALTE 950 AZUL NAVAL 1520 1 GLS,Chimbote,80,230.0,310.0,Ingreso productos,Ingreso,USR-16
2023-03-02,1509210301,DURAPOX ESMALTE 950 CELESTE 1550 1 GLS,Chimbote,36,39.0,75.0,Ingreso productos,Ingreso,USR-16
2023-03-02,1509000201,DURAPOX ESMALTE 950 BLANCO OPTICO 1711 1 GL,Chimbote,64,68.0,132.0,Ingreso productos,Ingreso,USR-16
2023-03-02,1510999903,DURAPOX ESMALTE 950 - CATALIZADOR  1/4 GLS,Chimbote,180,1198.0,1378.0,Ingreso productos,Ingreso,USR-16
2023-03-02,1765406201,JET 70 MP VERDE RAL 6019 K5 1 GL,Chimbote,26,0.0,26.0,Ingreso productos,Ingreso,USR-16
2023-03-02,1765430501,JET 70 MP VERDE NILO 1475 1 GL,Chimbote,25,0.0,25.0,Ingreso productos,Ingreso,USR-16
2023-03-02,1765000101,JET 70 MP BLANCO 1700 1 GL,Chimbote,28,-16.0,12.0,Ingreso productos,Ingreso,USR-16
2023-03-02,1765883101,JET 70 MP GRIS RAL 7040 1 GL,Chimbote,9,0.0,9.0,Ingreso productos,Ingreso,USR-16
2023-03-02,2223130101,OCEAN JET ANTIFOULING ROJO 1033 1 GL,Chimbote,46,120.0,166.0,Ingreso productos,Ingreso,USR-16
2023-03-02,2378000101,JETHANE 650HS BLANCO 1700 1 GL,Chimbote,30,0.0,30.0,Ingreso productos,Ingreso,USR-16
2023-03-02,2379999903,JETHANE 650 HS CATALIZADOR . 1/4 GL,Chimbote,30,0.0,30.0,Ingreso productos,Ingreso,USR-16
2023-03-02,2492830101,JET 70 MP MIO GRIS 1 GL,Chimbote,26,0.0,26.0,Ingreso productos,Ingreso,USR-16
2023-03-02,2493999901,JET 70 MP MIO CATALIZADOR . 1 GL,Chimbote,26,0.0,26.0,Ingreso productos,Ingreso,USR-16
2023-03-02,1509832901,DURAPOX ESMALTE 950 GRIS NIEBLA 1680 1 GLS,Chimbote,63,191.0,254.0,Ingreso productos,Ingreso,USR-16
2023-03-02,1765891001,JET 70 MP NEGRO 1725 1 GL,Chimbote,4,14.0,18.0,Ingreso productos,Ingreso,USR-16
2023-03-02,1624170001,JET 62 ZP ANTICORROSIVO ROJO OXIDO 1 GL,Chimbote,25,182.0,207.0,Ingreso productos,Ingreso,USR-16
2023-03-02,1625999901,JET 62 ZP ANTICORROSIVO CATALIZADOR . 1 GL,Chimbote,87,303.0,390.0,Ingreso productos,Ingreso,USR-16
2023-03-02,3292999901,FAST THINNER EPOXY SIC . 1 GL,Chimbote,172,106.0,278.0,Ingreso productos,Ingreso,USR-16
2023-03-02,1615440101,ANTICORROSIVO DURAPOX R VERDE 1 GL,Chimbote,32,112.0,144.0,Ingreso productos,Ingreso,USR-16
2023-03-02,1616999903,ANTICORROSIVO DURAPOX R CATALIZADOR . 1/4 GL,Chimbote,78,197.0,275.0,Ingreso productos,Ingreso,USR-16
2023-03-02,1526212701,FASTIPOXI ESMALTE EPOXICO CELESTE FAST 1 GL,Chimbote,74,38.0,112.0,Ingreso productos,Ingreso,USR-16
2023-03-02,1526323101,FASTIPOXI ESMALTE EPOXICO AMARILLO FAST 1 GL,Chimbote,58,32.0,90.0,Ingreso productos,Ingreso,USR-16
2023-03-02,1526176201,FASTIPOXI ESMALTE EPOXICO BERMELLON FAST 1 GL,Chimbote,29,51.0,80.0,Ingreso productos,Ingreso,USR-16
2023-03-02,1526833301,FASTIPOXI ESMALTE EPOXICO GRIS FAST 1 GL,Chimbote,100,-13.0,87.0,Ingreso productos,Ingreso,USR-16
2023-03-02,1526461401,FASTIPOXI ESMALTE EPOXICO VERDE ESMERALDA FAST 1,Chimbote,34,14.0,48.0,Ingreso productos,Ingreso,USR-16
2023-03-02,1526432101,FASTIPOXI ESMALTE EPOXICO VERDE NILO FAST 1 GL,Chimbote,28,28.0,56.0,Ingreso productos,Ingreso,USR-16
2023-03-02,1526223901,FASTIPOXI ESMALTE EPOXICO AZUL FAST 1 GL,Chimbote,29,284.0,313.0,Ingreso productos,Ingreso,USR-16
2023-03-02,1526130601,FASTIPOXI ESMALTE EPOXICO ROJO FAST 1 GL,Chimbote,20,30.0,50.0,Ingreso productos,Ingreso,USR-16
2023-03-04,1509230201,DURAPOX ESMALTE 950 AZUL OSCURO 1500 1 GL,Chimbote,5,33.0,38.0,Ingreso productos,Ingreso,USR-16
2023-03-04,1509832901,DURAPOX ESMALTE 950 GRIS NIEBLA 1680 1 GLS,Chimbote,14,254.0,268.0,Ingreso productos,Ingreso,USR-16
2023-03-04,1624150301,JET 62 ZP ANTICORROSIVO K5 ROJO R_L 3001 1 GL,Chimbote,44,0.0,44.0,Ingreso productos,Ingreso,USR-16
2023-03-04,1765406201,JET 70 MP VERDE RAL 6019 K5 1 GL,Chimbote,1,26.0,27.0,Ingreso productos,Ingreso,USR-16
2023-03-11,1526176201,FASTIPOXI ESMALTE EPOXICO BERMELLON FAST 1 GL,Chimbote,56,80.0,136.0,Ingreso productos,Ingreso,USR-16
2023-03-11,1527999902,FASTIPOXI ESMALTE EPOXICO - PARTE B . 1/2 GL,Chimbote,106,681.0,787.0,Ingreso productos,Ingreso,USR-16
2023-03-11,1527999902,FASTIPOXI ESMALTE EPOXICO - PARTE B . 1/2 GL,Chimbote,82,787.0,869.0,Ingreso productos,Ingreso,USR-16
2023-03-11,1527999902,FASTIPOXI ESMALTE EPOXICO - PARTE B . 1/2 GL,Chimbote,288,869.0,1157.0,Ingreso productos,Ingreso,USR-16
2023-03-14,1765000101,JET 70 MP BLANCO 1700 1 GL,Chimbote,21,3.0,24.0,Retorno Nota,FNC1-0013,USR-15
2023-03-14,1766999901,JET 70 MP - CATALIZADOR . 1 GL,Chimbote,21,237.0,258.0,Retorno Nota,FNC1-0013,USR-15
2023-03-14,1510999903,DURAPOX ESMALTE 950 - CATALIZADOR  1/4 GLS,Chimbote,4,1292.0,1296.0,Retorno Nota,FNC1-0013,USR-15
2023-03-14,1765891001,JET 70 MP NEGRO 1725 1 GL,Chimbote,5,18.0,23.0,Retorno Nota,FNC1-0013,USR-15
2023-03-14,1766999901,JET 70 MP - CATALIZADOR . 1 GL,Chimbote,5,258.0,263.0,Retorno Nota,FNC1-0013,USR-15
2023-03-14,2331883001,POLIURETANO ANTIDESLIZANTE K5 GRIS RAL 7011 1 GL,Chimbote,1,13.0,14.0,Retorno Nota,FNC1-0013,USR-15
2023-03-14,2332999903,POLIURETANO ANTIDESLIZANTE K5-PARTE B. 1/4 GL,Chimbote,1,37.0,38.0,Retorno Nota,FNC1-0013,USR-15
2023-03-14,2333999901,POLIURETANO ANTIDESLIZANTE K5 -PARTE C 1 GL,Chimbote,1,-1.0,0.0,Retorno Nota,FNC1-0013,USR-15
2023-03-14,2331883001,POLIURETANO ANTIDESLIZANTE K5 GRIS RAL 7011 1 GL,Chimbote,1,14.0,15.0,Retorno Nota,FNC1-0012,USR-15
2023-03-14,2332999903,POLIURETANO ANTIDESLIZANTE K5-PARTE B. 1/4 GL,Chimbote,1,38.0,39.0,Retorno Nota,FNC1-0012,USR-15
2023-03-14,2333999901,POLIURETANO ANTIDESLIZANTE K5 -PARTE C 1 GL,Chimbote,1,0.0,1.0,Retorno Nota,FNC1-0012,USR-15
2023-03-14,2331883001,POLIURETANO ANTIDESLIZANTE K5 GRIS RAL 7011 1 GL,Chimbote,4,15.0,19.0,Retorno Nota,FNC1-0011,USR-15
2023-03-14,2332999903,POLIURETANO ANTIDESLIZANTE K5-PARTE B. 1/4 GL,Chimbote,4,39.0,43.0,Retorno Nota,FNC1-0011,USR-15
2023-03-14,2333999901,POLIURETANO ANTIDESLIZANTE K5 -PARTE C 1 GL,Chimbote,4,1.0,5.0,Retorno Nota,FNC1-0011,USR-15
2023-03-25,1615170101,ANTICORROSIVO DURAPOX R ROJO OXIDO 1185 1 GL,Chimbote,1,130.0,131.0,Retorno Nota,NOT-2023325192233,USR-13
2023-03-25,1616999903,ANTICORROSIVO DURAPOX R CATALIZADOR . 1/4 GL,Chimbote,1,249.0,250.0,Retorno Nota,NOT-2023325192233,USR-13
2023-03-25,1527999902,FASTIPOXI ESMALTE EPOXICO - PARTE B . 1/2 GL,Chimbote,15,1147.0,1162.0,Ingreso productos,Ingreso,USR-16
2023-03-25,2391290102,FASTHANE 600 AZUL RAL 5005,Chimbote,200,-50.0,150.0,Ingreso productos,Ingreso,USR-16
2023-03-25,2392999903,FASTHANE 600 CATALIZADOR . 1/4 GL,Chimbote,200,50.0,250.0,Ingreso productos,Ingreso,USR-16
2023-03-25,1A06999901,JET ECOPOL . 1 GL,Chimbote,30,42.0,72.0,Ingreso productos,Ingreso,USR-16
2023-03-25,2392999903,FASTHANE 600 CATALIZADOR . 1/4 GL,Chimbote,89,250.0,339.0,Ingreso productos,Ingreso,USR-16
2023-03-25,2392999903,FASTHANE 600 CATALIZADOR . 1/4 GL,Chimbote,61,339.0,400.0,Ingreso productos,Ingreso,USR-16
2023-03-25,1765406201,JET 70 MP VERDE RAL 6019 K5 1 GL,Chimbote,1,0.0,1.0,Ingreso productos,Ingreso,USR-16
2023-03-25,1766999901,JET 70 MP - CATALIZADOR . 1 GL,Chimbote,6,258.0,264.0,Ingreso productos,Ingreso,USR-16
2023-03-27,1509000101,DURAPOX ESMALTE 950 BLANCO 1700 1 GLS,Chimbote,5,142.0,147.0,Anulacion Factura,F001-0486,USR-13
2023-03-27,1509232601,DURAPOX ESMALTE 950 AZUL NAVAL 1520 1 GLS,Chimbote,3,299.0,302.0,Anulacion Factura,F001-0486,USR-13
2023-03-27,1510999903,DURAPOX ESMALTE 950 - CATALIZADOR  1/4 GLS,Chimbote,10,1232.0,1242.0,Anulacion Factura,F001-0486,USR-13
2023-03-27,1922890001,JET BITUFLEX 70 PF NEGRO 1 GL,Chimbote,2,109.0,111.0,Anulacion Factura,F001-0486,USR-13
2023-03-27,1923999901,JET BITUFLEX 70 PF CATALIZADOR . 1 GL,Chimbote,2,122.0,124.0,Anulacion Factura,F001-0486,USR-13
2023-03-27,2223130101,OCEAN JET ANTIFOULING ROJO 1033 1 GL,Chimbote,4,111.0,115.0,Anulacion Factura,F001-0486,USR-13
2023-03-27,1509320301,DURAPOX ESMALTE 950 AMARILLO YE-4 1300 1 GL,Chimbote,2,8.0,10.0,Anulacion Factura,F001-0486,USR-13
2023-03-30,1765000101,JET 70 MP BLANCO 1700 1 GL,Chimbote,8,14.0,22.0,Anulacion Factura,F001-0510,USR-13
2023-03-30,1766999901,JET 70 MP - CATALIZADOR . 1 GL,Chimbote,8,241.0,249.0,Anulacion Factura,F001-0510,USR-13
2023-03-30,1A01999901,JET ECOPOXY 90 . 1 GL,Chimbote,30,165.0,195.0,Anulacion Factura,F001-0510,USR-13
2023-03-30,1765406201,JET 70 MP VERDE RAL 6019 K5 1 GL,Chimbote,6,-5.0,1.0,Anulacion Factura,F001-0510,USR-13
2023-03-30,1766999901,JET 70 MP - CATALIZADOR . 1 GL,Chimbote,6,249.0,255.0,Anulacion Factura,F001-0510,USR-13
2023-03-31,1765406201,JET 70 MP VERDE RAL 6019 K5 1 GL,Chimbote,5,-5.0,0.0,Ingreso productos,Ingreso,USR-16
2023-04-03,SIKAGRO110,SIKAGROUT 110 x 30kg,Chimbote,5,0.00,5.0,Ingreso productos,Ingreso,USR-16
2023-04-03,SIKABOO750,SIKA BOOM  x 750 ml,Chimbote,12,0.00,12.0,Ingreso productos,Ingreso,USR-16
2023-04-03,SIKA1,SIKA 1 x 4 L PET,Chimbote,20,0.00,20.0,Ingreso productos,Ingreso,USR-16
2023-04-03,SIKAUNIVEGRI300,SIKAFLEX UNIVERSAL GRIS x 300 ml,Chimbote,24,0.00,24.0,Ingreso productos,Ingreso,USR-16
2023-04-03,SIKATECHO5,Sikafill Techo-5 Fibra Gris x 20 L,Chimbote,80,0.00,80.0,Ingreso productos,Ingreso,USR-16
2023-04-03,SIKAFILL300THER,SIKAFILL-300 THERMIC PE BLANCO x 20 L,Chimbote,84,0.00,84.0,Ingreso productos,Ingreso,USR-16
2023-04-03,SIKALASTIC120,Sikalastic Fleece-120 1x50,Chimbote,5,0.00,5.0,Ingreso productos,Ingreso,USR-16
2023-04-03,SIKATECHO3,Sikafill Techo-3 Fibra gris x 4 L,Chimbote,80,0.00,80.0,Ingreso productos,Ingreso,USR-16
2023-04-03,SIKADU32,SIKADUR 32 X 5 KG,Chimbote,2,0.00,2.0,Ingreso productos,Ingreso,USR-16
2023-04-03,SIKAGRO100,SIKAGROUT 100 X 30 KG,Chimbote,14,0.00,14.0,Ingreso productos,Ingreso,USR-16
2023-04-03,1A06999901,JET ECOPOL . 1 GL,Chimbote,10,44.0,54.0,Ingreso productos,Ingreso,USR-16
2023-04-03,2391452901,FASTHANE 600 VERDE RAL 6010 1 GL,Chimbote,150,-50.0,100.0,Ingreso productos,Ingreso,USR-16
2023-04-03,1509000101,DURAPOX ESMALTE 950 BLANCO 1700 1 GLS,Chimbote,40,48.0,88.0,Ingreso productos,Ingreso,USR-16
2023-04-03,1509232601,DURAPOX ESMALTE 950 AZUL NAVAL 1520 1 GLS,Chimbote,36,286.0,322.0,Ingreso productos,Ingreso,USR-16
2023-04-03,1510999903,DURAPOX ESMALTE 950 - CATALIZADOR  1/4 GLS,Chimbote,253,909.0,1162.0,Ingreso productos,Ingreso,USR-16
2023-04-03,1625999901,JET 62 ZP ANTICORROSIVO CATALIZADOR . 1 GL,Chimbote,121,257.0,378.0,Ingreso productos,Ingreso,USR-16
2023-04-03,1766999901,JET 70 MP - CATALIZADOR . 1 GL,Chimbote,108,241.0,349.0,Ingreso productos,Ingreso,USR-16
2023-04-03,2223130101,OCEAN JET ANTIFOULING ROJO 1033 1 GL,Chimbote,142,75.0,217.0,Ingreso productos,Ingreso,USR-16
2023-04-03,1509832901,DURAPOX ESMALTE 950 GRIS NIEBLA 1680 1 GLS,Chimbote,120,176.0,296.0,Ingreso productos,Ingreso,USR-16
2023-04-03,1509320301,DURAPOX ESMALTE 950 AMARILLO YE-4 1300 1 GL,Chimbote,37,-16.0,21.0,Ingreso productos,Ingreso,USR-16
2023-04-03,1509130301,DURAPOX ESMALTE 950 ROJO 1100 1 GL,Chimbote,1,19.0,20.0,Ingreso productos,Ingreso,USR-16
2023-04-03,1615440101,ANTICORROSIVO DURAPOX R VERDE 1 GL,Chimbote,28,66.0,94.0,Ingreso productos,Ingreso,USR-16
2023-04-03,1615170101,ANTICORROSIVO DURAPOX R ROJO OXIDO 1185 1 GL,Chimbote,7,119.0,126.0,Ingreso productos,Ingreso,USR-16
2023-04-03,1616999903,ANTICORROSIVO DURAPOX R CATALIZADOR . 1/4 GL,Chimbote,58,185.0,243.0,Ingreso productos,Ingreso,USR-16
2023-04-03,1624170001,JET 62 ZP ANTICORROSIVO ROJO OXIDO 1 GL,Chimbote,67,203.0,270.0,Ingreso productos,Ingreso,USR-16
2023-04-03,1624830101,JET 62 ZP ANTICORROSIVO GRIS 1 GL,Chimbote,16,54.0,70.0,Ingreso productos,Ingreso,USR-16
2023-04-03,1765832901,JET 70 MP GRIS NIEBLA 1680 1 GL,Chimbote,21,138.0,159.0,Ingreso productos,Ingreso,USR-16
2023-04-03,1765000101,JET 70 MP BLANCO 1700 1 GL,Chimbote,24,14.0,38.0,Ingreso productos,Ingreso,USR-16
2023-04-03,1765891001,JET 70 MP NEGRO 1725 1 GL,Chimbote,24,23.0,47.0,Ingreso productos,Ingreso,USR-16
2023-04-03,1922890001,JET BITUFLEX 70 PF NEGRO 1 GL,Chimbote,64,76.0,140.0,Ingreso productos,Ingreso,USR-16
2023-04-03,1923999901,JET BITUFLEX 70 PF CATALIZADOR . 1 GL,Chimbote,51,86.0,137.0,Ingreso productos,Ingreso,USR-16
2023-04-03,1A07999901,JETPOXY AF 200 . 1 GL,Chimbote,30,51.0,81.0,Ingreso productos,Ingreso,USR-16
2023-04-03,2223237501,OCEAN JET ANTIFOULING AZUL 2003 1 GL,Chimbote,40,47.0,87.0,Ingreso productos,Ingreso,USR-16
2023-04-03,1A01999901,JET ECOPOXY 90 . 1 GL,Chimbote,95,141.0,236.0,Ingreso productos,Ingreso,USR-16
2023-04-10,THBIC305,THINNER BICOLOR ACRILICO BC-305 X 3 LT,Chimbote,450,0.00,450.0,Ingreso productos,Ingreso,USR-16
2023-04-10,THBIC405,THINNER BICOLOR ACRILICO BC-405 X 3 LT,Chimbote,450,0.00,450.0,Ingreso productos,Ingreso,USR-16
2023-04-13,1509320301,DURAPOX ESMALTE 950 AMARILLO YE-4 1300 1 GL,Chimbote,11,19.0,30.0,Ingreso productos,Ingreso,USR-16
2023-04-13,1A07999901,JETPOXY AF 200 . 1 GL,Chimbote,10,81.0,91.0,Ingreso productos,Ingreso,USR-16
2023-04-13,1701890003,JOINT EPOXI NEGRO 1/4 GL,Chimbote,85,-60.0,25.0,Ingreso productos,Ingreso,USR-16
2023-04-13,1702999903,JOINT EPOXI CATALIZADOR 1/4 GL,Chimbote,100,-60.0,40.0,Ingreso productos,Ingreso,USR-16
2023-04-13,1509130301,DURAPOX ESMALTE 950 ROJO 1100 1 GL,Chimbote,27,20.0,47.0,Ingreso productos,Ingreso,USR-16
2023-04-13,1615440101,ANTICORROSIVO DURAPOX R VERDE 1 GL,Chimbote,52,89.0,141.0,Ingreso productos,Ingreso,USR-16
2023-04-13,1615170101,ANTICORROSIVO DURAPOX R ROJO OXIDO 1185 1 GL,Chimbote,53,126.0,179.0,Ingreso productos,Ingreso,USR-16
2023-04-13,1616999903,ANTICORROSIVO DURAPOX R CATALIZADOR . 1/4 GL,Chimbote,82,238.0,320.0,Ingreso productos,Ingreso,USR-16
2023-04-13,1624170001,JET 62 ZP ANTICORROSIVO ROJO OXIDO 1 GL,Chimbote,13,266.0,279.0,Ingreso productos,Ingreso,USR-16
2023-04-13,1624830101,JET 62 ZP ANTICORROSIVO GRIS 1 GL,Chimbote,84,68.0,152.0,Ingreso productos,Ingreso,USR-16
2023-04-13,1765832901,JET 70 MP GRIS NIEBLA 1680 1 GL,Chimbote,39,159.0,198.0,Ingreso productos,Ingreso,USR-16
2023-04-13,1923999901,JET BITUFLEX 70 PF CATALIZADOR . 1 GL,Chimbote,13,131.0,144.0,Ingreso productos,Ingreso,USR-16
2023-04-13,1509000101,DURAPOX ESMALTE 950 BLANCO 1700 1 GLS,Chimbote,160,72.0,232.0,Ingreso productos,Ingreso,USR-16
2023-04-13,1509232601,DURAPOX ESMALTE 950 AZUL NAVAL 1520 1 GLS,Chimbote,84,320.0,404.0,Ingreso productos,Ingreso,USR-16
2023-04-13,1510999903,DURAPOX ESMALTE 950 - CATALIZADOR  1/4 GLS,Chimbote,335,1139.0,1474.0,Ingreso productos,Ingreso,USR-16
2023-04-13,1625999901,JET 62 ZP ANTICORROSIVO CATALIZADOR . 1 GL,Chimbote,59,372.0,431.0,Ingreso productos,Ingreso,USR-16
2023-04-13,2223130101,OCEAN JET ANTIFOULING ROJO 1033 1 GL,Chimbote,8,216.0,224.0,Ingreso productos,Ingreso,USR-16
2023-04-13,1A01999901,JET ECOPOXY 90 . 1 GL,Chimbote,265,230.0,495.0,Ingreso productos,Ingreso,USR-16
2023-04-13,SIKA350IRONHOM,SIKAFILL-350 IRON HOME x 20 LT,Chimbote,20,0.00,20.0,Ingreso productos,Ingreso,USR-16
2023-04-13,1509260101,DURAPOX ESMALTE 950 AZUL ELECTRICO 1 GL,Chimbote,1,121.0,122.0,Anulacion Factura,F001-0535,USR-13
2023-04-13,1509000201,DURAPOX ESMALTE 950 BLANCO OPTICO 1711 1 GL,Chimbote,1,131.0,132.0,Anulacion Factura,F001-0535,USR-13
2023-04-13,1510999903,DURAPOX ESMALTE 950 - CATALIZADOR  1/4 GLS,Chimbote,2,1472.0,1474.0,Anulacion Factura,F001-0535,USR-13
2023-04-13,1A01999901,JET ECOPOXY 90 . 1 GL,Chimbote,1,494.0,495.0,Anulacion Factura,F001-0535,USR-13
2023-04-13,1701890003,JOINT EPOXI NEGRO 1/4 GL,Chimbote,15,25.0,40.0,Ingreso productos,Ingreso,USR-16
2023-04-28,1770999902,FASTIMAS MASILLA - PARTE B . 1/2 GL,Chimbote,3,65.0,68.0,Anulacion Factura,F001-0569,USR-13
2023-04-28,1922890001,JET BITUFLEX 70 PF NEGRO 1 GL,Chimbote,12,102.0,114.0,Anulacion Factura,F001-0571,USR-13
2023-04-28,1923999901,JET BITUFLEX 70 PF CATALIZADOR . 1 GL,Chimbote,12,115.0,127.0,Anulacion Factura,F001-0571,USR-13
2023-04-28,1766999901,JET 70 MP - CATALIZADOR . 1 GL,Chimbote,40,300.0,340.0,Anulacion Factura,F001-0571,USR-13
2023-04-28,1765232601,JET 70 MP AZUL NAVAL 1520 1 GL,Chimbote,6,0.0,6.0,Anulacion Factura,F001-0571,USR-13
2023-04-28,1765000101,JET 70 MP BLANCO 1700 1 GL,Chimbote,8,28.0,36.0,Anulacion Factura,F001-0571,USR-13
2023-04-28,1765832901,JET 70 MP GRIS NIEBLA 1680 1 GL,Chimbote,16,182.0,198.0,Anulacion Factura,F001-0571,USR-13
2023-04-28,1509000101,DURAPOX ESMALTE 950 BLANCO 1700 1 GLS,Chimbote,12,189.0,201.0,Anulacion Factura,F001-0571,USR-13
2023-04-28,1509000201,DURAPOX ESMALTE 950 BLANCO OPTICO 1711 1 GL,Chimbote,20,103.0,123.0,Anulacion Factura,F001-0571,USR-13
2023-04-28,1509460301,DURAPOX ESMALTE 950 VERDE ESMERALDA 1 GL,Chimbote,5,0.0,5.0,Anulacion Factura,F001-0571,USR-13
2023-04-28,1509232601,DURAPOX ESMALTE 950 AZUL NAVAL 1520 1 GLS,Chimbote,4,371.0,375.0,Anulacion Factura,F001-0571,USR-13
2023-04-28,1509320301,DURAPOX ESMALTE 950 AMARILLO YE-4 1300 1 GL,Chimbote,8,9.0,17.0,Anulacion Factura,F001-0571,USR-13
2023-04-28,1509891001,DURAPOX ESMALTE 950 NEGRO 1725 1 GLS,Chimbote,4,16.0,20.0,Anulacion Factura,F001-0571,USR-13
2023-04-28,1510999903,DURAPOX ESMALTE 950 - CATALIZADOR  1/4 GLS,Chimbote,68,1263.0,1331.0,Anulacion Factura,F001-0571,USR-13
2023-04-28,2223237501,OCEAN JET ANTIFOULING AZUL 2003 1 GL,Chimbote,16,68.0,84.0,Anulacion Factura,F001-0571,USR-13
2023-04-28,2223130101,OCEAN JET ANTIFOULING ROJO 1033 1 GL,Chimbote,12,173.0,185.0,Anulacion Factura,F001-0571,USR-13
2023-04-28,2235130101,PACIFIC JET ANTIFOULING ROJO 1033 1 GL,Chimbote,35,0.0,35.0,Anulacion Factura,F001-0571,USR-13
2023-04-28,1A07999901,JETPOXY AF 200 . 1 GL,Chimbote,4,78.0,82.0,Anulacion Factura,F001-0571,USR-13
2023-04-28,1A01999901,JET ECOPOXY 90 . 1 GL,Chimbote,20,416.0,436.0,Anulacion Factura,F001-0571,USR-13
2023-04-28,1526323101,FASTIPOXI ESMALTE EPOXICO AMARILLO FAST 1 GL,Chimbote,4,86.0,90.0,Anulacion Factura,F001-0571,USR-13
2023-04-28,1526223901,FASTIPOXI ESMALTE EPOXICO AZUL FAST 1 GL,Chimbote,32,198.0,230.0,Anulacion Factura,F001-0571,USR-13
2023-04-28,1526000301,FASTIPOXI ESMALTE EPOXICO BLANCO FAST 1 GL,Chimbote,12,197.0,209.0,Anulacion Factura,F001-0571,USR-13
2023-04-28,1527999902,FASTIPOXI ESMALTE EPOXICO - PARTE B . 1/2 GL,Chimbote,68,835.0,903.0,Anulacion Factura,F001-0571,USR-13
2023-04-28,1769999902,FASTIMAS MASILLA - PARTE A . 1/2 GL,Chimbote,100,65.0,165.0,Anulacion Factura,F001-0571,USR-13
2023-04-28,1770999902,FASTIMAS MASILLA - PARTE B . 1/2 GL,Chimbote,100,68.0,168.0,Anulacion Factura,F001-0571,USR-13
2023-05-06,1509232601,DURAPOX ESMALTE 950 AZUL NAVAL 1520 1 GLS,Chimbote,60,366.0,426.0,Ingreso productos,Ingreso,USR-16
2023-05-06,1509130301,DURAPOX ESMALTE 950 ROJO 1100 1 GL,Chimbote,12,44.0,56.0,Ingreso productos,Ingreso,USR-16
2023-05-06,1509320301,DURAPOX ESMALTE 950 AMARILLO YE-4 1300 1 GL,Chimbote,8,0.0,8.0,Ingreso productos,Ingreso,USR-16
2023-05-06,1510999903,DURAPOX ESMALTE 950 - CATALIZADOR  1/4 GLS,Chimbote,40,1238.0,1278.0,Ingreso productos,Ingreso,USR-16
2023-05-06,2453999901,JET 85 MP CATALIZADOR . 1 GL,Chimbote,3,0.0,3.0,Ingreso productos,Ingreso,USR-16
2023-05-06,1509210301,DURAPOX ESMALTE 950 CELESTE 1550 1 GLS,Chimbote,32,4.0,36.0,Ingreso productos,Ingreso,USR-16
2023-05-06,2453999901,JET 85 MP CATALIZADOR . 1 GL,Chimbote,3,3.0,6.0,Ingreso productos,Ingreso,USR-16
2023-05-06,2492830101,JET 70 MP MIO GRIS 1 GL,Chimbote,2,0.0,2.0,Ingreso productos,Ingreso,USR-16
2023-05-06,2493999901,JET 70 MP MIO CATALIZADOR . 1 GL,Chimbote,2,0.0,2.0,Ingreso productos,Ingreso,USR-16
2023-05-12,1301830101,ANTICORROSIVO CPP GRIS 1 GL,Chimbote,1,-1.0,0.0,Ingreso productos,Ingreso,USR-16
2023-05-12,1765003301,JET 70 MP BLANCO RAL 9010 1 GL,Chimbote,6,-6.0,0.0,Ingreso productos,Ingreso,USR-16
2023-05-12,2452891001,JET 85 MP NEGRO 1725 1 GL,Chimbote,6,-6.0,0.0,Ingreso productos,Ingreso,USR-16
2023-05-12,1765406201,JET 70 MP VERDE RAL 6019 K5 1 GL,Chimbote,25,-25.0,0.0,Ingreso productos,Ingreso,USR-16
2023-05-12,1765000101,JET 70 MP BLANCO 1700 1 GL,Chimbote,1,-1.0,0.0,Ingreso productos,Ingreso,USR-16
2023-05-12,1765883101,JET 70 MP GRIS RAL 7040 1 GL,Chimbote,9,-9.0,0.0,Ingreso productos,Ingreso,USR-16
2023-05-15,2223130101,OCEAN JET ANTIFOULING ROJO 1033 1 GL,Chimbote,10,162.0,172.0,Anulacion Factura,F001-0607,USR-13
2023-05-15,1509000101,DURAPOX ESMALTE 950 BLANCO 1700 1 GLS,Chimbote,6,173.0,179.0,Anulacion Factura,F001-0607,USR-13
2023-05-15,1509232601,DURAPOX ESMALTE 950 AZUL NAVAL 1520 1 GLS,Chimbote,3,418.0,421.0,Anulacion Factura,F001-0607,USR-13
2023-05-15,1509130301,DURAPOX ESMALTE 950 ROJO 1100 1 GL,Chimbote,2,52.0,54.0,Anulacion Factura,F001-0607,USR-13
2023-05-15,1509320301,DURAPOX ESMALTE 950 AMARILLO YE-4 1300 1 GL,Chimbote,6,2.0,8.0,Anulacion Factura,F001-0607,USR-13
2023-05-15,1510999903,DURAPOX ESMALTE 950 - CATALIZADOR  1/4 GLS,Chimbote,17,1237.0,1254.0,Anulacion Factura,F001-0607,USR-13
2023-05-15,1615440101,ANTICORROSIVO DURAPOX R VERDE 1 GL,Chimbote,2,84.0,86.0,Anulacion Factura,F001-0607,USR-13
2023-05-15,1616999903,ANTICORROSIVO DURAPOX R CATALIZADOR . 1/4 GL,Chimbote,2,250.0,252.0,Anulacion Factura,F001-0607,USR-13
2023-05-15,1A01999901,JET ECOPOXY 90 . 1 GL,Chimbote,3,343.0,346.0,Anulacion Factura,F001-0607,USR-13
2023-05-15,1A07999901,JETPOXY AF 200 . 1 GL,Chimbote,2,74.0,76.0,Anulacion Factura,F001-0607,USR-13
2023-05-15,THBIC305,THINNER BICOLOR ACRILICO BC-305 X 3 LT,Chimbote,3,423.0,426.0,Anulacion Factura,F001-0607,USR-13
2023-05-22,2744830101,FAST MASTIC 850 GRIS 1 GL,Chimbote,50,-50.0,0.0,Anulacion Factura,F001-0586,USR-13
2023-05-22,2745999901,FAST MASTIC 850 CATALIZADOR . 1 GL,Chimbote,50,-50.0,0.0,Anulacion Factura,F001-0586,USR-13
2023-05-22,3292999901,FAST THINNER EPOXY SIC . 1 GL,Chimbote,50,164.0,214.0,Anulacion Factura,F001-0586,USR-13
2023-05-25,1526833301,FASTIPOXI ESMALTE EPOXICO GRIS FAST 1 GL,Chimbote,20,76.0,96.0,Retorno Nota,FNC1-0017,USR-0001
2023-05-27,1770999902,FASTIMAS MASILLA - PARTE B . 1/2 GL,Chimbote,400,42.0,442.0,Ingreso productos,Ingreso,USR-16
2023-05-27,1509000101,DURAPOX ESMALTE 950 BLANCO 1700 1 GLS,Chimbote,55,153.0,208.0,Ingreso productos,Ingreso,USR-16
2023-05-27,1509320301,DURAPOX ESMALTE 950 AMARILLO YE-4 1300 1 GL,Chimbote,9,-2.0,7.0,Ingreso productos,Ingreso,USR-16
2023-05-27,1509891001,DURAPOX ESMALTE 950 NEGRO 1725 1 GLS,Chimbote,1,16.0,17.0,Ingreso productos,Ingreso,USR-16
2023-05-27,1509430501,DURAPOX ESMALTE 950 VERDE NILO 1475 1 GLS,Chimbote,4,0.0,4.0,Ingreso productos,Ingreso,USR-16
2023-05-27,1509210301,DURAPOX ESMALTE 950 CELESTE 1550 1 GLS,Chimbote,4,34.0,38.0,Ingreso productos,Ingreso,USR-16
2023-05-27,1510999903,DURAPOX ESMALTE 950 - CATALIZADOR  1/4 GLS,Chimbote,274,1140.0,1414.0,Ingreso productos,Ingreso,USR-16
2023-05-27,1526461401,FASTIPOXI ESMALTE EPOXICO VERDE ESMERALDA FAST 1,Chimbote,28,-2.0,26.0,Ingreso productos,Ingreso,USR-16
2023-05-27,1526223901,FASTIPOXI ESMALTE EPOXICO AZUL FAST 1 GL,Chimbote,24,141.0,165.0,Ingreso productos,Ingreso,USR-16
2023-05-27,1527999902,FASTIPOXI ESMALTE EPOXICO - PARTE B . 1/2 GL,Chimbote,92,712.0,804.0,Ingreso productos,Ingreso,USR-16
2023-05-27,1615440101,ANTICORROSIVO DURAPOX R VERDE 1 GL,Chimbote,24,64.0,88.0,Ingreso productos,Ingreso,USR-16
2023-05-27,1616999903,ANTICORROSIVO DURAPOX R CATALIZADOR . 1/4 GL,Chimbote,60,214.0,274.0,Ingreso productos,Ingreso,USR-16
2023-05-27,1618830101,JET PRIMER EPOXI GRIS 1 GL,Chimbote,3,4.0,7.0,Ingreso productos,Ingreso,USR-16
2023-05-27,1625999901,JET 62 ZP ANTICORROSIVO CATALIZADOR . 1 GL,Chimbote,1,369.0,370.0,Ingreso productos,Ingreso,USR-16
2023-05-27,1724830101,PROTECTO 2174 - 974 GRIS 1 GLS,Chimbote,20,14.0,34.0,Ingreso productos,Ingreso,USR-16
2023-05-27,1725999903,PROTECTO 2174 - 974-CATALIZADOR  1/4 GLS,Chimbote,20,14.0,34.0,Ingreso productos,Ingreso,USR-16
2023-05-27,1765000101,JET 70 MP BLANCO 1700 1 GL,Chimbote,10,-2.0,8.0,Ingreso productos,Ingreso,USR-16
2023-05-27,1765891001,JET 70 MP NEGRO 1725 1 GL,Chimbote,20,15.0,35.0,Ingreso productos,Ingreso,USR-16
2023-05-27,1766999901,JET 70 MP - CATALIZADOR . 1 GL,Chimbote,49,179.0,228.0,Ingreso productos,Ingreso,USR-16
2023-05-27,1922890001,JET BITUFLEX 70 PF NEGRO 1 GL,Chimbote,35,69.0,104.0,Ingreso productos,Ingreso,USR-16
2023-05-27,1923999901,JET BITUFLEX 70 PF CATALIZADOR . 1 GL,Chimbote,17,80.0,97.0,Ingreso productos,Ingreso,USR-16
2023-05-27,1A01999901,JET ECOPOXY 90 . 1 GL,Chimbote,200,304.0,504.0,Ingreso productos,Ingreso,USR-16
2023-05-27,1A06999901,JET ECOPOL . 1 GL,Chimbote,24,28.0,52.0,Ingreso productos,Ingreso,USR-16
2023-05-27,2223237501,OCEAN JET ANTIFOULING AZUL 2003 1 GL,Chimbote,21,50.0,71.0,Ingreso productos,Ingreso,USR-16
2023-05-27,2391133601,FASTHANE 600 ROJO RAL 3000 1 GL,Chimbote,26,25.0,51.0,Ingreso productos,Ingreso,USR-16
2023-05-27,2392999903,FASTHANE 600 CATALIZADOR . 1/4 GL,Chimbote,100,275.0,375.0,Ingreso productos,Ingreso,USR-16
2023-05-27,1769999902,FASTIMAS MASILLA - PARTE A . 1/2 GL,Chimbote,403,39.0,442.0,Ingreso productos,Ingreso,USR-16
2023-05-27,1201000001,ESMALTE PINTOR CPP BLANCO 1 GL,Chimbote,2,0.0,2.0,Ingreso productos,Ingreso,USR-16
2023-05-27,1201843001,ESMALTE PINTOR CPP GRIS NIEBLA 1 GL,Chimbote,2,0.0,2.0,Ingreso productos,Ingreso,USR-16
2023-05-27,1201232501,ESMALTE PINTOR CPP AZUL NAVAL 1 GL,Chimbote,1,0.0,1.0,Ingreso productos,Ingreso,USR-16
2023-05-27,1301000001,ANTICORROSIVO CPP BLANCO 1 GL,Chimbote,1,0.0,1.0,Ingreso productos,Ingreso,USR-16
2023-05-27,1301170001,ANTICORROSIVO CPP ROJO OXIDO 1 GL,Chimbote,2,0.0,2.0,Ingreso productos,Ingreso,USR-16
2023-05-27,1765406201,JET 70 MP VERDE RAL 6019 K5 1 GL,Chimbote,1,0.0,1.0,Ingreso productos,Ingreso,USR-16
2023-05-27,1765855101,JET 70 MP GRIS RAL 7040 K5 1 GL,Chimbote,2,0.0,2.0,Ingreso productos,Ingreso,USR-16
2023-05-27,1765000101,JET 70 MP BLANCO 1700 1 GL,Chimbote,3,8.0,11.0,Ingreso productos,Ingreso,USR-16
2023-05-27,1766999901,JET 70 MP - CATALIZADOR . 1 GL,Chimbote,5,228.0,233.0,Ingreso productos,Ingreso,USR-16
2023-05-27,2378823E01,JETHANE 650HS GRIS RAL 7046 K7 1 GL,Chimbote,2,0.00,2.0,Ingreso productos,Ingreso,USR-16
2023-05-27,2379999903,JETHANE 650 HS CATALIZADOR . 1/4 GL,Chimbote,2,0.0,2.0,Ingreso productos,Ingreso,USR-16
2023-05-27,3819999901,REMOVEDOR TEKNO . 1 GL,Chimbote,1,0.0,1.0,Ingreso productos,Ingreso,USR-16
2023-05-27,1509460301,DURAPOX ESMALTE 950 VERDE ESMERALDA 1 GL,Chimbote,20,-20.0,0.0,Ingreso productos,Ingreso,USR-16
2023-05-27,1509450201,DURAPOX ESMALTE 950 VERDE BOTELLA 1400 1 GLS,Chimbote,8,-4.0,4.0,Ingreso productos,Ingreso,USR-16
2023-05-27,1510999903,DURAPOX ESMALTE 950 - CATALIZADOR  1/4 GLS,Chimbote,28,1413.0,1441.0,Ingreso productos,Ingreso,USR-16
2023-05-31,1301000001,ANTICORROSIVO CPP BLANCO 1 GL,Chimbote,1,0.0,1.0,Anulacion Factura,F001-0646,USR-13
2023-05-31,1A01999901,JET ECOPOXY 90 . 1 GL,Chimbote,33,428.0,461.0,Anulacion Factura,F001-0646,USR-13
2023-05-31,3819999901,REMOVEDOR TEKNO . 1 GL,Chimbote,1,0.0,1.0,Anulacion Factura,F001-0646,USR-13
2023-05-31,1765832901,JET 70 MP GRIS NIEBLA 1680 1 GL,Chimbote,2,153.0,155.0,Anulacion Factura,F001-0646,USR-13
2023-05-31,1766999901,JET 70 MP - CATALIZADOR . 1 GL,Chimbote,2,226.0,228.0,Anulacion Factura,F001-0646,USR-13
2023-05-31,1765000101,JET 70 MP BLANCO 1700 1 GL,Chimbote,1,9.0,10.0,Anulacion Factura,F001-0646,USR-13
2023-05-31,1766999901,JET 70 MP - CATALIZADOR . 1 GL,Chimbote,1,228.0,229.0,Anulacion Factura,F001-0646,USR-13
2023-05-31,2378823E01,JETHANE 650HS GRIS RAL 7046 K7 1 GL,Chimbote,2,0.0,2.0,Anulacion Factura,F001-0646,USR-13
2023-05-31,2379999903,JETHANE 650 HS CATALIZADOR . 1/4 GL,Chimbote,2,0.0,2.0,Anulacion Factura,F001-0646,USR-13
2023-05-31,1765855101,JET 70 MP GRIS RAL 7040 K5 1 GL,Chimbote,1,0.0,1.0,Anulacion Factura,F001-0646,USR-13
2023-05-31,1766999901,JET 70 MP - CATALIZADOR . 1 GL,Chimbote,1,229.0,230.0,Anulacion Factura,F001-0646,USR-13
2023-05-31,1301170001,ANTICORROSIVO CPP ROJO OXIDO 1 GL,Chimbote,2,0.0,2.0,Anulacion Factura,F001-0645,USR-13
2023-05-31,1201000001,ESMALTE PINTOR CPP BLANCO 1 GL,Chimbote,2,0.0,2.0,Anulacion Factura,F001-0645,USR-13
2023-05-31,1A01999901,JET ECOPOXY 90 . 1 GL,Chimbote,1,461.0,462.0,Anulacion Factura,F001-0645,USR-13
2023-05-31,1618830101,JET PRIMER EPOXI GRIS 1 GL,Chimbote,2,5.0,7.0,Anulacion Factura,F001-0645,USR-13
2023-05-31,1619999903,JET PRIMER EPOXI CATALIZADOR . 1/4 GL,Chimbote,2,10.0,12.0,Anulacion Factura,F001-0645,USR-13
2023-05-31,1765855101,JET 70 MP GRIS RAL 7040 K5 1 GL,Chimbote,1,1.0,2.0,Anulacion Factura,F001-0645,USR-13
2023-05-31,1766999901,JET 70 MP - CATALIZADOR . 1 GL,Chimbote,1,230.0,231.0,Anulacion Factura,F001-0645,USR-13
2023-05-31,1765406201,JET 70 MP VERDE RAL 6019 K5 1 GL,Chimbote,1,0.0,1.0,Anulacion Factura,F001-0645,USR-13
2023-05-31,1766999901,JET 70 MP - CATALIZADOR . 1 GL,Chimbote,1,231.0,232.0,Anulacion Factura,F001-0645,USR-13
2023-05-31,1526461401,FASTIPOXI ESMALTE EPOXICO VERDE ESMERALDA FAST 1,Chimbote,20,26.0,46.0,Ingreso productos,Ingreso,USR-16
2023-05-31,1217890201,PINTURA F-122 K5 NEGRO MATE 1 GL,Chimbote,30,0.00,30.0,Ingreso productos,Ingreso,USR-16
2023-05-31,1509000101,DURAPOX ESMALTE 950 BLANCO 1700 1 GLS,Chimbote,80,207.0,287.0,Ingreso productos,Ingreso,USR-16
2023-05-31,1510999903,DURAPOX ESMALTE 950 - CATALIZADOR  1/4 GLS,Chimbote,80,1430.0,1510.0,Ingreso productos,Ingreso,USR-16
2023-05-31,1765000101,JET 70 MP BLANCO 1700 1 GL,Chimbote,16,9.0,25.0,Ingreso productos,Ingreso,USR-16
2023-05-31,1765406201,JET 70 MP VERDE RAL 6019 K5 1 GL,Chimbote,49,0.0,49.0,Ingreso productos,Ingreso,USR-16
2023-05-31,1765883101,JET 70 MP GRIS RAL 7040 1 GL,Chimbote,69,0.0,69.0,Ingreso productos,Ingreso,USR-16
2023-05-31,1766999901,JET 70 MP - CATALIZADOR . 1 GL,Chimbote,141,228.0,369.0,Ingreso productos,Ingreso,USR-16
2023-05-31,1A01999901,JET ECOPOXY 90 . 1 GL,Chimbote,63,427.0,490.0,Ingreso productos,Ingreso,USR-16
2023-05-31,1A07999901,JETPOXY AF 200 . 1 GL,Chimbote,14,68.0,82.0,Ingreso productos,Ingreso,USR-16
2023-05-31,2223130101,OCEAN JET ANTIFOULING ROJO 1033 1 GL,Chimbote,114,126.0,240.0,Ingreso productos,Ingreso,USR-16
2023-05-31,2223891801,OCEAN JET ANTIFOULING NEGRO 1798 1 GL,Chimbote,16,0.0,16.0,Ingreso productos,Ingreso,USR-16
2023-06-03,1765855101,JET 70 MP GRIS RAL 7040 K5 1 GL,Chimbote,1,-1.0,0.0,Ingreso productos,Ingreso,USR-16
2023-06-03,1765855101,JET 70 MP GRIS RAL 7040 K5 1 GL,Chimbote,2,0.0,2.0,Ingreso productos,Ingreso,USR-16
2023-06-03,SIKA1,SIKA 1 x 4 L PET,Chimbote,100,0.0,100.0,Ingreso productos,Ingreso,USR-16
2023-06-03,1765406201,JET 70 MP VERDE RAL 6019 K5 1 GL,Chimbote,7,0.0,7.0,Ingreso productos,Ingreso,USR-16
2023-06-08,464429,SIKAFLOOR-21 PURCEM RAL 7046 JGO X 21 KG,Chimbote,3,0.00,3.0,Ingreso productos,Ingreso,USR-16
2023-06-08,506246,SIKAFLOOR-210 PURCEM RAL 7046 JGO X 22.4 KG,Chimbote,7,0.00,7.0,Ingreso productos,Ingreso,USR-16
2023-06-08,2391133601,FASTHANE 600 ROJO RAL 3000 1 GL,Chimbote,55,51.0,106.0,Ingreso productos,Ingreso,USR-16
2023-06-13,THBIC305,THINNER BICOLOR ACRILICO BC-305 X 3 LT,Chimbote,2,415.0,417.0,Anulacion Factura,F001-0675,USR-24
2023-06-15,1765133001,JET 70 MP ROJO RAL 3020 1 GL,Chimbote,15,-15.0,0.0,Ingreso productos,Ingreso,USR-16
2023-06-15,1766999901,JET 70 MP - CATALIZADOR . 1 GL,Chimbote,15,192.0,207.0,Ingreso productos,Ingreso,USR-16
2023-06-15,1509000101,DURAPOX ESMALTE 950 BLANCO 1700 1 GLS,Chimbote,45,280.0,325.0,Ingreso productos,Ingreso,USR-16
2023-06-15,1509320301,DURAPOX ESMALTE 950 AMARILLO YE-4 1300 1 GL,Chimbote,51,5.0,56.0,Ingreso productos,Ingreso,USR-16
2023-06-15,1509891001,DURAPOX ESMALTE 950 NEGRO 1725 1 GLS,Chimbote,19,16.0,35.0,Ingreso productos,Ingreso,USR-16
2023-06-15,1509430501,DURAPOX ESMALTE 950 VERDE NILO 1475 1 GLS,Chimbote,44,4.0,48.0,Ingreso productos,Ingreso,USR-16
2023-06-15,1509460301,DURAPOX ESMALTE 950 VERDE ESMERALDA 1 GL,Chimbote,32,0.0,32.0,Ingreso productos,Ingreso,USR-16
2023-06-15,1509210301,DURAPOX ESMALTE 950 CELESTE 1550 1 GLS,Chimbote,20,37.0,57.0,Ingreso productos,Ingreso,USR-16
2023-06-15,1615440101,ANTICORROSIVO DURAPOX R VERDE 1 GL,Chimbote,36,83.0,119.0,Ingreso productos,Ingreso,USR-16
2023-06-15,1618830101,JET PRIMER EPOXI GRIS 1 GL,Chimbote,17,5.0,22.0,Ingreso productos,Ingreso,USR-16
2023-06-15,1619999903,JET PRIMER EPOXI CATALIZADOR . 1/4 GL,Chimbote,20,10.0,30.0,Ingreso productos,Ingreso,USR-16
2023-06-15,1765000101,JET 70 MP BLANCO 1700 1 GL,Chimbote,30,2.0,32.0,Ingreso productos,Ingreso,USR-16
2023-06-15,1922889001,JET BITUFLEX 70 PF CAFE 1 GL,Chimbote,20,1.0,21.0,Ingreso productos,Ingreso,USR-16
2023-06-15,1923999901,JET BITUFLEX 70 PF CATALIZADOR . 1 GL,Chimbote,28,40.0,68.0,Ingreso productos,Ingreso,USR-16
2023-06-15,2223237501,OCEAN JET ANTIFOULING AZUL 2003 1 GL,Chimbote,19,63.0,82.0,Ingreso productos,Ingreso,USR-16
2023-06-15,2391133601,FASTHANE 600 ROJO RAL 3000 1 GL,Chimbote,19,106.0,125.0,Ingreso productos,Ingreso,USR-16
2023-06-19,1615170101,ANTICORROSIVO DURAPOX R ROJO OXIDO 1185 1 GL,Chimbote,6,144.0,150.0,Anulacion Factura,F001-0687,USR-13
2023-06-19,1616999903,ANTICORROSIVO DURAPOX R CATALIZADOR . 1/4 GL,Chimbote,6,251.0,257.0,Anulacion Factura,F001-0687,USR-13
2023-06-19,1922890001,JET BITUFLEX 70 PF NEGRO 1 GL,Chimbote,3,30.0,33.0,Anulacion Factura,F001-0687,USR-13
2023-06-19,1923999901,JET BITUFLEX 70 PF CATALIZADOR . 1 GL,Chimbote,3,59.0,62.0,Anulacion Factura,F001-0687,USR-13
2023-06-19,2223130101,OCEAN JET ANTIFOULING ROJO 1033 1 GL,Chimbote,6,120.0,126.0,Anulacion Factura,F001-0687,USR-13
2023-06-19,1526212701,FASTIPOXI ESMALTE EPOXICO CELESTE FAST 1 GL,Chimbote,2,110.0,112.0,Anulacion Factura,F001-0687,USR-13
2023-06-19,1526323101,FASTIPOXI ESMALTE EPOXICO AMARILLO FAST 1 GL,Chimbote,6,70.0,76.0,Anulacion Factura,F001-0687,USR-13
2023-06-19,1526223901,FASTIPOXI ESMALTE EPOXICO AZUL FAST 1 GL,Chimbote,4,150.0,154.0,Anulacion Factura,F001-0687,USR-13
2023-06-19,1526130601,FASTIPOXI ESMALTE EPOXICO ROJO FAST 1 GL,Chimbote,2,23.0,25.0,Anulacion Factura,F001-0687,USR-13
2023-06-19,1526461401,FASTIPOXI ESMALTE EPOXICO VERDE ESMERALDA FAST 1,Chimbote,12,34.0,46.0,Anulacion Factura,F001-0687,USR-13
2023-06-19,1527999902,FASTIPOXI ESMALTE EPOXICO - PARTE B . 1/2 GL,Chimbote,26,759.0,785.0,Anulacion Factura,F001-0687,USR-13
2023-06-19,1769999902,FASTIMAS MASILLA - PARTE A . 1/2 GL,Chimbote,3,391.0,394.0,Anulacion Factura,F001-0687,USR-13
2023-06-19,1770999902,FASTIMAS MASILLA - PARTE B . 1/2 GL,Chimbote,3,393.0,396.0,Anulacion Factura,F001-0687,USR-13
2023-06-20,1A06999901,JET ECOPOL . 1 GL,Chimbote,450,-398.0,52.0,Ingreso productos,Ingreso,USR-16
2023-07-01,1618440101,JET PRIMER EPOXI VERDE 1 GL,Chimbote,22,-22.0,0.0,Ingreso productos,Ingreso,USR-16
2023-07-01,1619999903,JET PRIMER EPOXI CATALIZADOR . 1/4 GL,Chimbote,22,-1.0,21.0,Ingreso productos,Ingreso,USR-16
2023-07-01,1624150301,JET 62 ZP ANTICORROSIVO K5 ROJO R_L 3001 1 GL,Chimbote,1,-1.0,0.0,Ingreso productos,Ingreso,USR-16
2023-07-01,1765855101,JET 70 MP GRIS RAL 7040 K5 1 GL,Chimbote,1,1.0,2.0,Ingreso productos,Ingreso,USR-16
2023-07-01,2223891801,OCEAN JET ANTIFOULING NEGRO 1798 1 GL,Chimbote,4,-4.0,0.0,Ingreso productos,Ingreso,USR-16
2023-07-01,1201000001,ESMALTE PINTOR CPP BLANCO 1 GL,Chimbote,1,-1.0,0.0,Ingreso productos,Ingreso,USR-16
2023-07-01,1201430401,ESMALTE PINTOR CPP VERDE NILO 1 GL,Chimbote,3,-3.0,0.0,Ingreso productos,Ingreso,USR-16
2023-07-01,1201843001,ESMALTE PINTOR CPP GRIS NIEBLA 1 GL,Chimbote,10,-10.0,0.0,Ingreso productos,Ingreso,USR-16
2023-07-01,3819999901,REMOVEDOR TEKNO . 1 GL,Chimbote,6,-6.0,0.0,Ingreso productos,Ingreso,USR-16
2023-07-01,1648830101,JET 62 ZP ANTICORROSIVO MIO GRIS 1 GL,Chimbote,3,-3.0,0.0,Ingreso productos,Ingreso,USR-16
2023-07-01,1649999901,JET 62 ZP ANTICORROSIVO MIO CATALIZADOR . 1 GL,Chimbote,3,-3.0,0.0,Ingreso productos,Ingreso,USR-16
2023-07-01,1765855101,JET 70 MP GRIS RAL 7040 K5 1 GL,Chimbote,1,2.0,3.0,Ingreso productos,Ingreso,USR-16
2023-07-01,2378000101,JETHANE 650HS BLANCO 1700 1 GL,Chimbote,17,-17.0,0.0,Ingreso productos,Ingreso,USR-16
2023-07-01,2379999903,JETHANE 650 HS CATALIZADOR . 1/4 GL,Chimbote,17,-17.0,0.0,Ingreso productos,Ingreso,USR-16
2023-07-01,1201450601,ESMALTE PINTOR CPP VERDE CROMO 1 GL,Chimbote,1,-1.0,0.0,Ingreso productos,Ingreso,USR-16
2023-07-01,1201890001,ESMALTE PINTOR CPP NEGRO 1 GL,Chimbote,4,-4.0,0.0,Ingreso productos,Ingreso,USR-16
2023-07-01,1216885701,PINTURA F-5H K5 GRIS RAL 7046 1 GL,Chimbote,4,-4.0,0.0,Ingreso productos,Ingreso,USR-16
2023-07-01,1818832901,JET POX HIGH RESISTANT GRIS NIEBLA 1680 1 GL,Chimbote,5,-5.0,0.0,Ingreso productos,Ingreso,USR-16
2023-07-01,1819999903,JET POX HIGH RESISTANT CATALIZADOR . 1/4 GL,Chimbote,5,-5.0,0.0,Ingreso productos,Ingreso,USR-16
2023-07-01,1A06999901,JET ECOPOL . 1 GL,Chimbote,5,37.0,42.0,Ingreso productos,Ingreso,USR-16
2023-07-01,2054999901,JET COAT SEALER CATALIZADOR . 1 GL,Chimbote,1,-1.0,0.0,Ingreso productos,Ingreso,USR-16
2023-07-08,SIK11FCGRIS,SIKAFLEX - 11 FC PLUS GRIS x 600 ML,Chimbote,20,0.00,20.0,Ingreso productos,Ingreso,USR-16
2023-07-08,153612,SIKATOP 1 X 4 KG,Chimbote,4,0.00,4.0,Ingreso productos,Ingreso,USR-16
2023-07-08,167329,SIKA IMPERMUR X 1 L,Chimbote,16,0.00,16.0,Ingreso productos,Ingreso,USR-16
2023-07-08,93244,SIKA 1 EN POLVO X 1 KG,Chimbote,24,0.00,24.0,Ingreso productos,Ingreso,USR-16
2023-07-08,434918,PISTOLA DE CALAFATEO MK6 CONSTRUCCION,Chimbote,2,0.00,2.0,Ingreso productos,Ingreso,USR-16
2023-07-08,722449,SIKATOP - 107 SEAL PER GRIS X 18 KG,Chimbote,10,0.00,10.0,Ingreso productos,Ingreso,USR-16
2023-07-08,SIKADU32,SIKADUR 32 X 5 KG,Chimbote,2,0.0,2.0,Ingreso productos,Ingreso,USR-16
2023-07-08,SIKANCH3001,Sika AnchorFix -3001,Chimbote,12,0.00,12.0,Ingreso productos,Ingreso,USR-16
2023-07-08,SIKANCH2X300,SIKA ANCHORFIX 2 x 300 ML,Chimbote,12,0.00,12.0,Ingreso productos,Ingreso,USR-16
2023-07-08,SIKASWES2X600,SIKASWELL S-2 x 600 ML,Chimbote,20,0.00,20.0,Ingreso productos,Ingreso,USR-16
2023-07-08,SIKADU35HM,SIKADUR-35 HM LV JGO x 3 KG,Chimbote,8,0.00,8.0,Ingreso productos,Ingreso,USR-16
2023-07-08,SIKADU31HMG,SIKADUR 31 HMG x 5 KG,Chimbote,2,0.00,2.0,Ingreso productos,Ingreso,USR-16
2023-07-08,1765855101,JET 70 MP GRIS RAL 7040 K5 1 GL,Chimbote,1,3.0,4.0,Ingreso productos,Ingreso,USR-16
2023-07-08,2317210301,JETHANE 500 CELESTE 1550 1 GL,Chimbote,1,-1.0,0.0,Ingreso productos,Ingreso,USR-16
2023-07-08,2318999903,JETHANE 500-CATALIZADOR  1/4 GLS,Chimbote,1,-1.0,0.0,Ingreso productos,Ingreso,USR-16
2023-07-08,2378133001,JETHANE 650HS ROJO RAL 3020 1 GL,Chimbote,2,-2.0,0.0,Ingreso productos,Ingreso,USR-16
2023-07-08,2378000101,JETHANE 650HS BLANCO 1700 1 GL,Chimbote,6,-6.0,0.0,Ingreso productos,Ingreso,USR-16
2023-07-08,2379999903,JETHANE 650 HS CATALIZADOR . 1/4 GL,Chimbote,8,-8.0,0.0,Ingreso productos,Ingreso,USR-16
2023-07-08,1509360101,DURAPOX ESMALTE 950 AMARILLO CAT 1390 1 GLS,Chimbote,1,-1.0,0.0,Ingreso productos,Ingreso,USR-16
2023-07-08,1510999903,DURAPOX ESMALTE 950 - CATALIZADOR  1/4 GLS,Chimbote,1,1347.0,1348.0,Ingreso productos,Ingreso,USR-16
2023-07-08,4097923001,JET THERM 550 ALUMINIO NL 1 GL,Chimbote,4,-4.0,0.0,Ingreso productos,Ingreso,USR-16
