KIT DURAPOX ESMALTE 950 BLANCO 1700,K1509000101,60121001,PINTURAS,EPOXICO,GL,DOLARES,4,35.12,41.44,63.86,41.44,ON
KIT JET 70 MP VERDE NILO 1475 1 GL,K1765430501,60121001,PINTURAS,,GL,DOLARES,0.00,57.48,67.83,104.51,67.83,ON
KIT JET 70 MP NEGRO 1725 1 GL,K1765891001,60121001,PINTURAS,,GL,DOLARES,0.00,57.48,67.83,104.51,67.83,ON
KIT JET 70 MP BLANCO 1700 1 GL,K1765000101,60121001,PINTURAS,,GL,DOLARES,0.00,57.48,67.83,104.51,67.83,ON
KIT JET 70 MP VERDE RAL 6019 1 GL,K1765400101,60121001,PINTURAS,,GL,DOLARES,0.00,57.48,67.83,104.51,67.83,ON
KIT JET 70 MP GRIS RAL 7035 1 GL,K1765820501,60121001,PINTURAS,,GL,DOLARES,0.00,57.48,67.83,104.51,67.83,ON
KIT JET 70 MP GRIS RAL 7040 K5 1 GL,K1765883101,60121001,PINTURAS,,GL,DOLARES,0.00,57.48,67.83,104.51,67.83,ON
KIT JET 70 MP VERDE RAL 6019 K5 1 GL,K1765406201,60121001,PINTURAS,,GL,DOLARES,0.00,57.48,67.83,104.51,67.83,ON
KIT JET 70 MP MIO GRIS 1 GL,K2492830101,60121001,PINTURAS,,GL,DOLARES,0.00,77.29,91.2,140.52,91.2,ON
KIT JET 62 ZP ANTICORROSIVO MIO GRIS,K1648830101,60121001,PINTURAS,,KIT,DOLARES,0.00,54.59,64.42,99.25,64.42,ON
KIT JET 62 ZP ANTICORROSIVO K5 ROJO R_L 3001 1 GL,K1624150301,60121001,PINTURAS,,GL,DOLARES,0.00,47.11,55.59,85.66,55.59,ON
KIT ANTICORROSIVO DURAPOX R VERDE 1 GL,K1615440101,60121001,PINTURAS,,GL,DOLARES,0.00,30.15,35.58,54.81,35.58,ON
KIT JETHANE 650HS GRIS RAL 7046 K5 1 GL,K2378854201,60121001,PINTURAS,,GL,DOLARES,0.00,55.93,66.0,101.7,66.0,ON
KIT JETHANE 650HS BLANCO 1700 1 GL,K2378000101,60121001,PINTURAS,,GL,DOLARES,0.00,57.54,67.9,104.62,67.9,ON
KIT JET PRIMER EPOXI GRIS 1 GL,K1618830101,60121001,PINTURAS,ANTICORROSIVO EPOXICO,GL,DOLARES,0.00,47.96,56.59,47.96,56.59,ON
KIT FASTIPOXI ESMALTE EPOXICO BLANCO FAST 1 GL,K1526000301,60121001,PINTURAS,EPOXICO,GL,DOLARES,0.00,41.53,49.01,41.53,49.01,ON
KIT FASTIMAS MASILLA,K1769999902,60121001,PINTURAS,MASILLA EPOXICA,GL,DOLARES,0.00,40.86,48.21,40.86,48.21,ON
KIT JET 70 MP GRIS NIEBLA 1680,K1765832901,60121001,PINTURAS,,GL,DOLARES,0.00,104.51,123.32,104.51,123.32,ON
KIT JET 70 MP CELESTE 1550,K1765210301,60121001,PINTURAS,EPOXICO,GL,DOLARES,0.00,104.51,123.32,104.51,123.32,ON
KIT DURAPOX ESMALTE 950 BLANCO OPTICO 1711,K1509000201,60121001,PINTURAS,EPOXICO,GL,DOLARES,0.00,63.86,75.35,63.86,75.35,ON
KIT JET 70 MP AZUL NAVAL ,K1765232601,60121001,PINTURAS,EPOXICO,GL,DOLARES,0.00,104.51,123.32,104.51,123.32,ON
KIT DURAPOX ESMALTE 950 AZUL NAVAL 1520,K1509232601,60121001,PINTURAS,EPOXICO,GL,DOLARES,0.00,63.86,75.35,63.86,75.35,ON
KIT POLIUR ELECTROCONDUCENTE P/PISOS K5 NEGRO RAL 9011,K3713891401,60121001,PINTURA,,KIT,DOLARES,0.00,176.02,207.7,176.02,207.7,ON
KIT JET 70 MP ROJO OXIDO 1185,K1765170101,60121001,PINTURA,,KIT,DOLARES,0.00,104.51,123.32,104.51,123.32,ON
KIT JETHANE 650HS AZUL RAL 5005 K7,K2378288801B,60121001,PINTURA,,KIT,DOLARES,0.00,101.05,119.24,101.05,119.24,ON
KIT JET PRIMER EPOXI VERDE 1 GL,K1618440101,60121001,PINTURAS,,KIT,DOLARES,0.00,26.38,31.13,47.96,31.13,ON
KIT JETHANE 650HS BLANCO RAL 9003 K7,K2378000B01,60121001,PINTURAS,,GL,DOLARES,0.00,101.7,120.01,101.7,120.01,ON
KIT JETHANE 650 HS GRIS CUBIERTA RAL 7011 K7,K237888300A,60121001,PINTURAS,,KIT,DOLARES,0.00,101.7,120.01,101.7,120.01,ON
KIT DURAPOX ESMALTE 950 AMARILLO CAT 1390,K1509360101,60121001,PINTURAS,EPOXICO,GL,DOLARES,0.00,63.86,75.35,63.86,75.35,ON
KIT JET POX SP700 BLANCO HUMO,K1547050101,60121001,PINTURAS,RECUBRIMIENTOS TANK LINING,GL,DOLARES,0.00,72.67,85.75,72.67,85.75,ON
KIT JET POX SP700 GRIS RAL 7035,K1547820501,60121001,PINTURAS,RECUBRIMIENTOS TANK LINING,GL,DOLARES,0.00,72.67,85.75,72.67,85.75,ON
